Date,Score,Quality,Sleep_duration,Bedtime,Type,Activity_distance,Activity_calories,Duration,Activity_average_heart_rate,Activity_maximum_heart_rate,Aerobic_TE,Average_running_cadence,Maximum_running_cadence,Average_pace,Best_pace,Maximum_temperature,Activity_average_respiratory_frequency,Activity_minimum_respiratory_frequency,Activity_maximum_respiratory_frequency,Travel_time,Elapsed_time,Minimum_altitude,Maximum_altitude,Highest_HR,Active_calories,Resting_calories,Total_calories,Awake_time,N_activities,Total_duration,Total_distance,Total_aerobic_TE
2024-04-14,89.0,2.0,8.066666666666666,23.433333333333334,4,0.0,0,0.0,0.0,0.0,0.0,0.0,0.0,0.0,0.0,0.0,0.0,0.0,0.0,0.0,0.0,0.0,0,142.0,1491,2187,3678,15.994360086767896,0.0,0.0,0.0,0.0
2024-04-13,41.0,0.0,7.1,3.3833333333333333,4,0.0,0,0.0,0.0,0.0,0.0,0.0,0.0,0.0,0.0,0.0,0.0,0.0,0.0,0.0,0.0,0.0,0,126.0,620,2187,2807,19.866666666666667,0.0,0.0,0.0,0.0
2024-04-12,74.0,1.0,8.5,23.133333333333333,0,3.0,217,20.466666666666665,134.0,156.0,2.2,141.0,170.0,6.816666666666666,4.583333333333333,31.0,0.0,0.0,0.0,20.05,20.466666666666665,40.0,52,152.0,607,2187,2794,12.483333333333333,1.0,20.466666666666665,3.0,2.2
2024-04-11,82.0,2.0,8.316666666666666,22.8,4,0.0,0,0.0,0.0,0.0,0.0,0.0,0.0,0.0,0.0,0.0,0.0,0.0,0.0,0.0,0.0,0.0,0,126.0,554,2187,2741,14.466666666666669,0.0,0.0,0.0,0.0
2024-04-10,79.0,1.0,7.216666666666667,23.883333333333333,0,9.65,707,51.7,159.0,189.0,3.9,158.0,197.0,5.35,2.8833333333333333,29.0,32.0,23.0,40.0,49.266666666666666,51.7,38.0,55,183.0,1359,2187,3546,16.633333333333333,1.0,51.7,9.65,3.9
2024-04-09,83.0,2.0,8.6,22.2,0,1.1,74,7.371666666666667,123.0,132.0,0.7,160.0,170.0,6.716666666666667,5.116666666666666,29.0,28.0,22.0,34.0,7.333333333333333,7.371666666666667,-32.0,0,124.0,214,2187,2401,14.766666666666666,1.0,7.371666666666667,1.1,0.7
2024-04-08,89.0,2.0,9.116666666666667,22.816666666666663,4,0.0,0,0.0,0.0,0.0,0.0,0.0,0.0,0.0,0.0,0.0,0.0,0.0,0.0,0.0,0.0,0.0,0,146.0,2669,2187,4856,15.8,0.0,0.0,0.0,0.0
2024-04-07,16.0,0.0,1.55,7.883333333333333,4,0.0,0,0.0,0.0,0.0,0.0,0.0,0.0,0.0,0.0,0.0,0.0,0.0,0.0,0.0,0.0,0.0,0,135.0,1758,2187,3945,23.85,0.0,0.0,0.0,0.0
2024-04-06,37.0,0.0,5.3,4.5,4,0.0,0,0.0,0.0,0.0,0.0,0.0,0.0,0.0,0.0,0.0,0.0,0.0,0.0,0.0,0.0,0.0,0,150.0,3804,2187,5991,18.883333333333333,0.0,0.0,0.0,0.0
2024-04-05,28.0,0.0,3.9,3.216666666666667,4,0.0,0,0.0,0.0,0.0,0.0,0.0,0.0,0.0,0.0,0.0,0.0,0.0,0.0,0.0,0.0,0.0,0,156.0,2962,2187,5149,15.716666666666669,0.0,0.0,0.0,0.0
2024-04-04,35.0,0.0,4.6,1.3666666666666667,4,0.0,0,0.0,0.0,0.0,0.0,0.0,0.0,0.0,0.0,0.0,0.0,0.0,0.0,0.0,0.0,0.0,0,110.0,411,2187,2598,15.783333333333331,0.0,0.0,0.0,0.0
2024-04-03,74.0,1.0,10.733333333333333,22.95,0,8.25,628,44.16666666666666,161.0,193.0,3.8,159.0,178.0,5.35,2.8166666666666664,29.0,33.0,17.0,41.0,42.5,44.16666666666666,32.0,54,189.0,1545,2187,3732,16.7,1.0,44.16666666666666,8.25,3.8
2024-04-02,83.0,2.0,8.75,22.516666666666666,0,3.82,261,24.966666666666665,131.0,173.0,2.2,154.0,199.0,6.533333333333333,4.0,29.0,28.0,19.0,35.0,24.53333333333333,24.966666666666665,39.0,53,150.0,522,2187,2709,12.3,1.0,24.966666666666665,3.82,2.2
2024-04-01,82.0,2.0,9.266666666666667,21.75,4,0.0,0,0.0,0.0,0.0,0.0,0.0,0.0,0.0,0.0,0.0,0.0,0.0,0.0,0.0,0.0,0.0,0,115.0,400,2187,2587,14.466666666666669,0.0,0.0,0.0,0.0
2024-03-31,87.0,2.0,9.766666666666667,0.75,4,0.0,0,0.0,0.0,0.0,0.0,0.0,0.0,0.0,0.0,0.0,0.0,0.0,0.0,0.0,0.0,0.0,0,128.0,971,2187,3158,17.616666666666667,0.0,0.0,0.0,0.0
2024-03-30,41.0,0.0,7.083333333333333,3.9333333333333336,4,0.0,0,0.0,0.0,0.0,0.0,0.0,0.0,0.0,0.0,0.0,0.0,0.0,0.0,0.0,0.0,0.0,0,138.0,3113,2187,5300,17.333333333333336,0.0,0.0,0.0,0.0
2024-03-29,28.0,0.0,3.8333333333333335,6.483333333333333,4,0.0,0,0.0,0.0,0.0,0.0,0.0,0.0,0.0,0.0,0.0,0.0,0.0,0.0,0.0,0.0,0.0,0,163.0,2169,2187,4356,18.866666666666667,0.0,0.0,0.0,0.0
2024-03-28,31.0,0.0,4.433333333333334,3.983333333333333,4,0.0,0,0.0,0.0,0.0,0.0,0.0,0.0,0.0,0.0,0.0,0.0,0.0,0.0,0.0,0.0,0.0,0,143.0,3041,2187,5228,16.866666666666667,0.0,0.0,0.0,0.0
2024-03-27,16.0,0.0,1.5,2.4166666666666665,0,4.15,314,20.25,165.0,196.0,3.4,165.0,176.0,4.883333333333333,3.75,29.0,34.0,24.0,43.0,20.23333333333333,20.25,27.0,42,190.0,603,2187,2790,17.21666666666667,1.0,20.25,4.15,3.4
2024-03-26,62.0,1.0,9.616666666666667,23.85,0,5.13,439,34.81666666666667,138.0,174.0,3.3,153.0,177.0,6.783333333333333,3.5,30.0,0.0,0.0,0.0,27.916666666666668,35.266666666666666,37.0,53,168.0,1034,2187,3221,19.933333333333334,1.0,34.81666666666667,5.13,3.3
2024-03-25,87.0,2.0,9.366666666666667,22.916666666666668,4,0.0,0,0.0,0.0,0.0,0.0,0.0,0.0,0.0,0.0,0.0,0.0,0.0,0.0,0.0,0.0,0.0,0,107.0,140,2187,2327,12.433333333333335,0.0,0.0,0.0,0.0
2024-03-24,95.0,3.0,11.616666666666667,22.45,4,0.0,0,0.0,0.0,0.0,0.0,0.0,0.0,0.0,0.0,0.0,0.0,0.0,0.0,0.0,0.0,0.0,0,119.0,775,2187,2962,14.033333333333331,0.0,0.0,0.0,0.0
2024-03-23,29.0,0.0,4.316666666666666,3.4333333333333336,4,0.0,0,0.0,0.0,0.0,0.0,0.0,0.0,0.0,0.0,0.0,0.0,0.0,0.0,0.0,0.0,0.0,0,130.0,1538,2187,3725,17.35,0.0,0.0,0.0,0.0
2024-03-22,46.0,0.0,7.416666666666667,2.9333333333333336,4,0.0,0,0.0,0.0,0.0,0.0,0.0,0.0,0.0,0.0,0.0,0.0,0.0,0.0,0.0,0.0,0.0,0,144.0,2993,2187,5180,17.766666666666666,0.0,0.0,0.0,0.0
2024-03-21,18.0,0.0,2.3833333333333333,4.35,4,0.0,0,0.0,0.0,0.0,0.0,0.0,0.0,0.0,0.0,0.0,0.0,0.0,0.0,0.0,0.0,0.0,0,123.0,970,2187,3157,17.266666666666666,0.0,0.0,0.0,0.0
2024-03-20,40.0,0.0,5.35,2.4166666666666665,4,0.0,0,0.0,0.0,0.0,0.0,0.0,0.0,0.0,0.0,0.0,0.0,0.0,0.0,0.0,0.0,0.0,0,120.0,615,2187,2802,19.633333333333333,0.0,0.0,0.0,0.0
2024-03-19,94.0,3.0,7.816666666666666,22.65,0,10.82,806,54.68333333333333,163.0,194.0,4.4,161.0,179.0,5.05,3.633333333333333,30.0,33.0,21.0,42.0,53.36666666666667,54.68333333333333,32.0,51,191.0,1235,2187,3422,14.849999999999998,1.0,54.68333333333333,10.82,4.4
2024-03-18,89.0,2.0,8.016666666666667,22.53333333333333,0,5.14,368,25.133333333333333,158.0,178.0,3.2,164.0,176.0,4.883333333333333,3.8333333333333335,28.0,31.0,18.0,39.0,25.0,25.133333333333333,40.0,53,173.0,710,2187,2897,15.966666666666669,1.0,25.133333333333333,5.14,3.2
2024-03-15,81.0,2.0,8.833333333333334,22.95,0,2.92,205,16.383333333333333,138.0,170.0,2.2,159.0,232.0,5.6,2.533333333333333,27.0,25.0,17.0,36.0,16.166666666666668,19.566666666666663,38.0,52,223.0,891,2187,3078,16.116666666666667,1.0,16.383333333333333,2.92,2.2
2024-03-14,82.0,2.0,8.0,22.65,0,8.88,684,45.21666666666667,166.0,194.0,4.2,159.0,209.0,5.083333333333333,3.85,28.0,34.0,23.0,43.0,43.53333333333333,45.21666666666667,34.0,53,187.0,1192,2187,3379,14.483333333333333,1.0,45.21666666666667,8.88,4.2
2024-03-13,71.0,1.0,7.05,23.48333333333333,4,0.0,0,0.0,0.0,0.0,0.0,0.0,0.0,0.0,0.0,0.0,0.0,0.0,0.0,0.0,0.0,0.0,0,127.0,406,2187,2593,16.650000000000002,0.0,0.0,0.0,0.0
2024-03-12,77.0,1.0,7.55,23.23333333333333,4,0.0,0,0.0,0.0,0.0,0.0,0.0,0.0,0.0,0.0,0.0,0.0,0.0,0.0,0.0,0.0,0.0,0,129.0,518,2187,2705,16.383333333333333,0.0,0.0,0.0,0.0
2024-03-11,86.0,2.0,9.283333333333331,21.98333333333333,4,0.0,0,0.0,0.0,0.0,0.0,0.0,0.0,0.0,0.0,0.0,0.0,0.0,0.0,0.0,0.0,0.0,0,115.0,204,2187,2391,15.150000000000002,0.0,0.0,0.0,0.0
2024-03-10,34.0,0.0,6.433333333333334,23.7,4,0.0,0,0.0,0.0,0.0,0.0,0.0,0.0,0.0,0.0,0.0,0.0,0.0,0.0,0.0,0.0,0.0,0,147.0,3803,2187,5990,15.833333333333332,0.0,0.0,0.0,0.0
2024-03-09,27.0,0.0,3.3833333333333333,7.733333333333333,0,4.62,358,23.116666666666667,168.0,192.0,3.5,159.0,179.0,5.0,3.9,29.0,34.0,20.0,43.0,22.4,23.116666666666667,40.0,52,189.0,1312,2187,3499,23.65,1.0,23.116666666666667,4.62,3.5
2024-03-08,87.0,2.0,11.083333333333334,23.5,4,0.0,0,0.0,0.0,0.0,0.0,0.0,0.0,0.0,0.0,0.0,0.0,0.0,0.0,0.0,0.0,0.0,0,105.0,103,2187,2290,12.366666666666667,0.0,0.0,0.0,0.0
2024-03-06,32.0,0.0,4.45,2.833333333333333,4,0.0,0,0.0,0.0,0.0,0.0,0.0,0.0,0.0,0.0,0.0,0.0,0.0,0.0,0.0,0.0,0.0,0,119.0,431,2187,2618,16.25,0.0,0.0,0.0,0.0
2024-03-05,81.0,2.0,9.683333333333334,22.866666666666667,0,8.26,590,43.15,152.0,184.0,3.5,160.0,219.0,5.216666666666667,3.3166666666666664,28.0,30.0,18.0,39.0,42.4,43.15,32.0,50,185.0,796,2187,2983,14.516666666666667,1.0,43.15,8.26,3.5
2024-03-04,88.0,2.0,10.166666666666666,22.33333333333333,0,4.53,311,21.95,159.0,189.0,3.3,162.0,188.0,4.85,3.1,28.0,33.0,19.0,40.0,21.516666666666666,21.95,42.0,53,186.0,576,2187,2763,13.633333333333333,1.0,21.95,4.53,3.3
2024-03-03,87.0,2.0,9.133333333333333,23.966666666666665,4,0.0,0,0.0,0.0,0.0,0.0,0.0,0.0,0.0,0.0,0.0,0.0,0.0,0.0,0.0,0.0,0.0,0,144.0,458,2187,2645,15.383333333333333,0.0,0.0,0.0,0.0
2024-03-02,41.0,0.0,7.916666666666667,1.4166666666666667,0,4.73,339,21.98333333333333,170.0,193.0,3.5,164.0,177.0,4.65,2.55,27.0,33.0,22.0,42.0,21.866666666666667,21.98333333333333,45.0,54,189.0,2236,2187,4423,16.25,1.0,21.98333333333333,4.73,3.5
2024-03-01,71.0,1.0,9.833333333333334,22.95,4,0.0,0,0.0,0.0,0.0,0.0,0.0,0.0,0.0,0.0,0.0,0.0,0.0,0.0,0.0,0.0,0.0,0,119.0,328,2187,2515,12.7,0.0,0.0,0.0,0.0
2024-02-29,74.0,1.0,8.033333333333333,23.216666666666665,4,0.0,0,0.0,0.0,0.0,0.0,0.0,0.0,0.0,0.0,0.0,0.0,0.0,0.0,0.0,0.0,0.0,0,124.0,749,2187,2936,13.449999999999998,0.0,0.0,0.0,0.0
2024-02-28,34.0,0.0,6.4,23.683333333333334,4,0.0,0,0.0,0.0,0.0,0.0,0.0,0.0,0.0,0.0,0.0,0.0,0.0,0.0,0.0,0.0,0.0,0,115.0,350,2187,2537,16.016666666666666,0.0,0.0,0.0,0.0
2024-02-27,73.0,1.0,7.483333333333333,23.4,0,4.44,382,25.866666666666667,160.0,192.0,3.5,158.0,177.0,5.833333333333333,4.033333333333333,26.0,32.0,22.0,42.0,25.316666666666663,25.866666666666667,40.0,51,218.0,791,2187,2978,15.4,1.0,25.866666666666667,4.44,3.5
2024-02-26,83.0,2.0,7.25,0.3166666666666666,0,4.24,343,24.7,156.0,185.0,3.2,148.0,202.0,5.833333333333333,2.5666666666666664,25.0,31.0,17.0,41.0,23.25,24.75,44.0,55,179.0,805,2187,2992,16.983333333333334,1.0,24.7,4.24,3.2
2024-02-25,96.0,3.0,8.7,23.05,4,0.0,0,0.0,0.0,0.0,0.0,0.0,0.0,0.0,0.0,0.0,0.0,0.0,0.0,0.0,0.0,0.0,0,150.0,429,2187,2616,15.05,0.0,0.0,0.0,0.0
2024-02-24,31.0,0.0,6.483333333333333,1.8166666666666669,4,0.0,0,0.0,0.0,0.0,0.0,0.0,0.0,0.0,0.0,0.0,0.0,0.0,0.0,0.0,0.0,0.0,0,141.0,3739,2187,5926,17.983333333333334,0.0,0.0,0.0,0.0
2024-02-23,26.0,0.0,4.7,4.616666666666667,4,0.0,0,0.0,0.0,0.0,0.0,0.0,0.0,0.0,0.0,0.0,0.0,0.0,0.0,0.0,0.0,0.0,0,163.0,3148,2187,5335,18.816666666666663,0.0,0.0,0.0,0.0
2024-02-22,16.0,0.0,1.2166666666666668,6.716666666666667,4,0.0,0,0.0,0.0,0.0,0.0,0.0,0.0,0.0,0.0,0.0,0.0,0.0,0.0,0.0,0.0,0.0,0,124.0,545,2187,2732,20.083333333333336,0.0,0.0,0.0,0.0
2024-02-21,75.0,1.0,6.966666666666667,0.2666666666666666,4,0.0,0,0.0,0.0,0.0,0.0,0.0,0.0,0.0,0.0,0.0,0.0,0.0,0.0,0.0,0.0,0.0,0,116.0,763,2187,2950,15.983333333333333,0.0,0.0,0.0,0.0
2024-02-20,86.0,2.0,8.033333333333333,0.0833333333333333,0,8.54,693,51.5,158.0,195.0,3.9,149.0,230.0,6.033333333333333,2.5,27.0,34.0,19.0,44.0,50.25,51.5,27.0,48,190.0,1136,2187,3323,16.416666666666664,1.0,51.5,8.54,3.9
2024-02-19,70.0,1.0,8.233333333333333,23.066666666666663,4,0.0,0,0.0,0.0,0.0,0.0,0.0,0.0,0.0,0.0,0.0,0.0,0.0,0.0,0.0,0.0,0.0,0,177.0,460,2187,2647,14.833333333333334,0.0,0.0,0.0,0.0
2024-02-18,95.0,3.0,8.7,0.0166666666666666,4,0.0,0,0.0,0.0,0.0,0.0,0.0,0.0,0.0,0.0,0.0,0.0,0.0,0.0,0.0,0.0,0.0,0,94.0,12,2187,2199,16.683333333333334,0.0,0.0,0.0,0.0
2024-02-15,56.0,0.0,6.583333333333333,1.2833333333333332,4,0.0,0,0.0,0.0,0.0,0.0,0.0,0.0,0.0,0.0,0.0,0.0,0.0,0.0,0.0,0.0,0.0,0,117.0,401,2187,2588,16.549999999999997,0.0,0.0,0.0,0.0
2024-02-14,57.0,0.0,7.016666666666667,23.75,4,0.0,0,0.0,0.0,0.0,0.0,0.0,0.0,0.0,0.0,0.0,0.0,0.0,0.0,0.0,0.0,0.0,0,117.0,797,2187,2984,15.566666666666666,0.0,0.0,0.0,0.0
2024-02-13,84.0,2.0,8.516666666666667,23.23333333333333,0,8.75,684,54.78333333333333,153.0,189.0,3.6,148.0,225.0,6.266666666666667,3.3833333333333333,27.0,31.0,19.0,41.0,53.13333333333333,54.78333333333333,30.0,51,185.0,1056,2187,3243,15.216666666666669,1.0,54.78333333333333,8.75,3.6
2024-02-12,90.0,3.0,7.883333333333333,23.883333333333333,0,5.88,473,37.083333333333336,148.0,193.0,3.0,156.0,240.0,6.316666666666666,2.7333333333333334,26.0,30.0,21.0,40.0,36.3,37.083333333333336,28.0,47,163.0,923,2187,3110,15.883333333333333,1.0,37.083333333333336,5.88,3.0
2024-02-11,87.0,2.0,9.0,23.416666666666668,4,0.0,0,0.0,0.0,0.0,0.0,0.0,0.0,0.0,0.0,0.0,0.0,0.0,0.0,0.0,0.0,0.0,0,119.0,883,2187,3070,15.566666666666668,0.0,0.0,0.0,0.0
2024-02-10,32.0,0.0,4.8,3.9333333333333336,4,0.0,0,0.0,0.0,0.0,0.0,0.0,0.0,0.0,0.0,0.0,0.0,0.0,0.0,0.0,0.0,0.0,0,125.0,693,2187,2880,19.450000000000003,0.0,0.0,0.0,0.0
2024-02-09,52.0,0.0,8.05,22.28333333333333,0,10.69,797,55.583333333333336,155.0,185.0,3.9,160.0,207.0,5.2,3.716666666666667,27.0,31.0,20.0,39.0,55.53333333333333,55.583333333333336,-469.0,48,178.0,1011,2187,3198,11.916666666666668,1.0,55.583333333333336,10.69,3.9
2024-02-08,77.0,1.0,8.583333333333334,23.316666666666663,4,0.0,0,0.0,0.0,0.0,0.0,0.0,0.0,0.0,0.0,0.0,0.0,0.0,0.0,0.0,0.0,0.0,0,103.0,68,2187,2255,14.616666666666667,0.0,0.0,0.0,0.0
2024-02-07,79.0,1.0,9.516666666666667,22.4,0,7.0,504,38.2,143.0,191.0,3.3,160.0,183.0,5.45,3.966666666666667,26.0,29.0,18.0,43.0,38.16666666666666,38.2,4.0,48,178.0,522,2187,2709,14.083333333333332,1.0,38.2,7.0,3.3
2024-02-06,84.0,2.0,8.733333333333333,22.65,4,0.0,0,0.0,0.0,0.0,0.0,0.0,0.0,0.0,0.0,0.0,0.0,0.0,0.0,0.0,0.0,0.0,0,111.0,226,2187,2413,14.116666666666664,0.0,0.0,0.0,0.0
2024-02-05,88.0,2.0,9.65,22.5,0,6.38,505,41.766666666666666,144.0,192.0,2.9,157.0,254.0,6.55,2.583333333333333,29.0,27.0,16.0,39.0,41.63333333333333,41.766666666666666,26.0,48,172.0,786,2187,2973,14.833333333333332,1.0,41.766666666666666,6.38,2.9
2024-02-04,71.0,1.0,6.983333333333333,23.15,4,0.0,0,0.0,0.0,0.0,0.0,0.0,0.0,0.0,0.0,0.0,0.0,0.0,0.0,0.0,0.0,0.0,0,114.0,349,2187,2536,14.916666666666666,0.0,0.0,0.0,0.0
2024-01-29,92.0,3.0,8.95,23.466666666666665,4,0.0,0,0.0,0.0,0.0,0.0,0.0,0.0,0.0,0.0,0.0,0.0,0.0,0.0,0.0,0.0,0.0,0,115.0,253,2187,2440,17.116666666666667,0.0,0.0,0.0,0.0
2024-01-28,88.0,2.0,8.116666666666667,23.48333333333333,4,0.0,0,0.0,0.0,0.0,0.0,0.0,0.0,0.0,0.0,0.0,0.0,0.0,0.0,0.0,0.0,0.0,0,128.0,570,2187,2757,15.016666666666667,0.0,0.0,0.0,0.0
2024-01-27,16.0,0.0,2.1,2.9166666666666665,0,5.81,478,33.916666666666664,163.0,196.0,3.5,156.0,236.0,5.85,3.733333333333333,27.0,34.0,21.0,43.0,32.25,33.916666666666664,31.0,51,186.0,1422,2187,3609,19.3,1.0,33.916666666666664,5.81,3.5
2024-01-26,83.0,2.0,9.033333333333331,0.1166666666666666,0,6.31,513,35.86666666666667,163.0,199.0,3.5,158.0,239.0,5.683333333333334,3.4333333333333336,26.0,34.0,22.0,42.0,35.1,35.86666666666667,25.0,47,182.0,1112,2187,3299,18.583333333333336,1.0,35.86666666666667,6.31,3.5
2024-01-25,86.0,2.0,9.4,22.8,4,0.0,0,0.0,0.0,0.0,0.0,0.0,0.0,0.0,0.0,0.0,0.0,0.0,0.0,0.0,0.0,0.0,0,115.0,431,2187,2618,13.3,0.0,0.0,0.0,0.0
2024-01-24,68.0,1.0,6.583333333333333,23.933333333333334,4,0.0,0,0.0,0.0,0.0,0.0,0.0,0.0,0.0,0.0,0.0,0.0,0.0,0.0,0.0,0.0,0.0,0,111.0,116,2187,2303,15.7,0.0,0.0,0.0,0.0
2024-01-22,89.0,2.0,8.533333333333333,23.45,0,5.44,462,35.333333333333336,150.0,187.0,3.0,150.0,248.0,6.5,4.416666666666667,27.0,29.0,20.0,38.0,33.083333333333336,35.333333333333336,24.0,47,177.0,1024,2183,3207,15.5,1.0,35.333333333333336,5.44,3.0
2024-01-21,89.0,2.0,8.133333333333333,23.866666666666667,0,7.22,559,37.63333333333333,161.0,189.0,3.8,163.0,255.0,5.216666666666667,3.55,26.0,33.0,20.0,39.0,37.48333333333333,37.63333333333333,32.0,62,183.0,579,2187,2766,15.866666666666667,1.0,37.63333333333333,7.22,3.8
2024-01-16,75.0,1.0,7.75,0.3833333333333333,4,0.0,0,0.0,0.0,0.0,0.0,0.0,0.0,0.0,0.0,0.0,0.0,0.0,0.0,0.0,0.0,0.0,0,139.0,1496,2187,3683,16.383333333333333,0.0,0.0,0.0,0.0
2024-01-15,18.0,0.0,2.3166666666666664,3.35,4,0.0,0,0.0,0.0,0.0,0.0,0.0,0.0,0.0,0.0,0.0,0.0,0.0,0.0,0.0,0.0,0.0,0,133.0,1139,2187,3326,19.21666666666667,0.0,0.0,0.0,0.0
2024-01-14,83.0,2.0,8.3,23.416666666666668,0,4.47,391,25.5,169.0,201.0,3.4,157.0,248.0,5.7,2.6666666666666665,26.0,34.0,20.0,40.0,24.8,25.5,25.0,48,186.0,831,2187,3018,17.283333333333335,1.0,25.5,4.47,3.4
2024-01-13,86.0,2.0,9.3,23.3,4,0.0,0,0.0,0.0,0.0,0.0,0.0,0.0,0.0,0.0,0.0,0.0,0.0,0.0,0.0,0.0,0.0,0,112.0,443,2187,2630,15.533333333333337,0.0,0.0,0.0,0.0
2024-01-12,37.0,0.0,6.366666666666666,1.1833333333333331,4,0.0,0,0.0,0.0,0.0,0.0,0.0,0.0,0.0,0.0,0.0,0.0,0.0,0.0,0.0,0.0,0.0,0,126.0,809,2187,2996,16.583333333333336,0.0,0.0,0.0,0.0
2024-01-11,46.0,0.0,7.683333333333334,23.65,4,0.0,0,0.0,0.0,0.0,0.0,0.0,0.0,0.0,0.0,0.0,0.0,0.0,0.0,0.0,0.0,0.0,0,122.0,574,2187,2761,15.2,0.0,0.0,0.0,0.0
2024-01-10,83.0,2.0,8.633333333333333,23.433333333333334,0,4.32,398,26.966666666666665,157.0,184.0,3.3,155.0,237.0,6.233333333333333,3.5666666666666664,27.0,0.0,0.0,0.0,21.23333333333333,26.966666666666665,29.0,38,179.0,1207,2180,3387,15.416666666666666,1.0,26.966666666666665,4.32,3.3
2024-01-09,87.0,2.0,9.783333333333331,22.683333333333334,4,0.0,0,0.0,0.0,0.0,0.0,0.0,0.0,0.0,0.0,0.0,0.0,0.0,0.0,0.0,0.0,0.0,0,107.0,116,2185,2301,14.616666666666667,0.0,0.0,0.0,0.0
2024-01-05,38.0,0.0,5.516666666666667,3.733333333333333,4,0.0,0,0.0,0.0,0.0,0.0,0.0,0.0,0.0,0.0,0.0,0.0,0.0,0.0,0.0,0.0,0.0,0,137.0,866,2187,3053,19.25,0.0,0.0,0.0,0.0
2024-01-04,44.0,0.0,6.483333333333333,0.9166666666666666,4,0.0,0,0.0,0.0,0.0,0.0,0.0,0.0,0.0,0.0,0.0,0.0,0.0,0.0,0.0,0.0,0.0,0,131.0,669,2187,2856,14.883333333333336,0.0,0.0,0.0,0.0
2024-01-03,93.0,3.0,7.55,23.883333333333333,0,6.41,491,34.36666666666667,153.0,175.0,3.2,155.0,192.0,5.366666666666666,4.3,27.0,30.0,23.0,36.0,34.31666666666667,34.36666666666667,33.0,45,172.0,893,2187,3080,16.016666666666666,1.0,34.36666666666667,6.41,3.2
2024-01-02,88.0,2.0,7.516666666666667,0.45,4,0.0,0,0.0,0.0,0.0,0.0,0.0,0.0,0.0,0.0,0.0,0.0,0.0,0.0,0.0,0.0,0.0,0,112.0,504,2187,2691,16.933333333333334,0.0,0.0,0.0,0.0
2024-01-01,79.0,1.0,7.6,0.5666666666666667,0,6.68,523,34.666666666666664,168.0,197.0,3.4,162.0,173.0,5.183333333333334,3.716666666666667,28.0,35.0,24.0,44.0,34.63333333333333,34.666666666666664,37.0,52,192.0,1519,2187,3706,16.566666666666666,1.0,34.666666666666664,6.68,3.4
2023-12-31,44.0,0.0,6.1,2.183333333333333,4,0.0,0,0.0,0.0,0.0,0.0,0.0,0.0,0.0,0.0,0.0,0.0,0.0,0.0,0.0,0.0,0.0,0,119.0,282,2193,2475,17.866666666666667,0.0,0.0,0.0,0.0
2023-12-30,92.0,3.0,8.516666666666667,23.53333333333333,4,0.0,0,0.0,0.0,0.0,0.0,0.0,0.0,0.0,0.0,0.0,0.0,0.0,0.0,0.0,0.0,0.0,0,106.0,88,2193,2281,14.966666666666669,0.0,0.0,0.0,0.0
2023-12-29,57.0,0.0,6.283333333333333,1.4333333333333331,0,9.83,778,50.48333333333333,166.0,190.0,4.2,160.0,208.0,5.133333333333334,3.85,27.0,32.0,15.0,42.0,50.41666666666666,50.48333333333333,-2.0,46,181.0,1090,2193,3283,17.366666666666667,1.0,50.48333333333333,9.83,4.2
2023-12-28,83.0,2.0,8.416666666666666,23.933333333333334,4,0.0,0,0.0,0.0,0.0,0.0,0.0,0.0,0.0,0.0,0.0,0.0,0.0,0.0,0.0,0.0,0.0,0,118.0,162,2193,2355,14.783333333333331,0.0,0.0,0.0,0.0
2023-12-26,82.0,2.0,6.633333333333333,1.6333333333333333,0,8.66,681,43.516666666666666,164.0,192.0,4.2,163.0,219.0,5.016666666666667,3.7666666666666666,26.0,33.0,22.0,42.0,43.5,43.516666666666666,-2.0,46,189.0,878,2193,3071,16.96666666666667,1.0,43.516666666666666,8.66,4.2
2023-12-25,77.0,1.0,8.966666666666667,23.616666666666667,0,8.22,630,44.4,152.0,178.0,3.4,159.0,176.0,5.4,4.316666666666666,28.0,30.0,20.0,39.0,44.35,44.4,2.0,49,173.0,725,2193,2918,15.233333333333334,1.0,44.4,8.22,3.4
2023-12-24,94.0,3.0,8.233333333333333,23.433333333333334,4,0.0,0,0.0,0.0,0.0,0.0,0.0,0.0,0.0,0.0,0.0,0.0,0.0,0.0,0.0,0.0,0.0,0,102.0,76,2193,2269,14.4,0.0,0.0,0.0,0.0
2023-12-23,93.0,3.0,9.733333333333333,23.316666666666663,0,0.66,49,5.008333333333334,134.0,144.0,0.4,155.0,158.0,7.65,6.95,20.0,24.0,18.0,28.0,5.0,5.008333333333334,40.0,46,187.0,819,2193,3012,15.616666666666667,1.0,42.641666666666666,8.88,4.6000000000000005
2023-12-22,88.0,2.0,9.583333333333334,22.95,0,4.23,304,22.666666666666668,139.0,165.0,2.6,159.0,201.0,5.366666666666666,4.35,27.0,28.0,14.0,41.0,22.633333333333333,22.666666666666668,4.0,46,155.0,379,2193,2572,13.733333333333333,1.0,22.666666666666668,4.23,2.6
2023-12-21,61.0,1.0,4.816666666666666,0.65,4,0.0,0,0.0,0.0,0.0,0.0,0.0,0.0,0.0,0.0,0.0,0.0,0.0,0.0,0.0,0.0,0.0,0,131.0,1328,2193,3521,15.916666666666666,0.0,0.0,0.0,0.0
2023-12-20,23.0,0.0,2.95,5.483333333333333,4,0.0,0,0.0,0.0,0.0,0.0,0.0,0.0,0.0,0.0,0.0,0.0,0.0,0.0,0.0,0.0,0.0,0,128.0,609,2193,2802,24.016666666666666,0.0,0.0,0.0,0.0
2023-12-19,95.0,3.0,8.316666666666666,23.4,4,0.0,0,0.0,0.0,0.0,0.0,0.0,0.0,0.0,0.0,0.0,0.0,0.0,0.0,0.0,0.0,0.0,0,127.0,387,2193,2580,14.683333333333332,0.0,0.0,0.0,0.0
2023-12-18,77.0,1.0,7.216666666666667,0.9666666666666668,4,0.0,0,0.0,0.0,0.0,0.0,0.0,0.0,0.0,0.0,0.0,0.0,0.0,0.0,0.0,0.0,0.0,0,129.0,763,2193,2956,17.23333333333333,0.0,0.0,0.0,0.0
2023-12-17,79.0,1.0,6.8,0.4833333333333333,4,0.0,0,0.0,0.0,0.0,0.0,0.0,0.0,0.0,0.0,0.0,0.0,0.0,0.0,0.0,0.0,0.0,0,116.0,258,2193,2451,16.15,0.0,0.0,0.0,0.0
2023-12-16,77.0,1.0,8.083333333333334,23.466666666666665,0,21.31,1763,121.41666666666669,160.0,187.0,4.9,160.0,198.0,5.7,4.55,28.0,0.0,0.0,0.0,121.33333333333331,121.41666666666669,-1.0,47,177.0,1837,2193,4030,15.816666666666665,1.0,121.41666666666669,21.31,4.9
2023-12-15,84.0,2.0,8.333333333333334,23.766666666666666,0,8.11,639,42.65,157.0,181.0,3.8,160.0,174.0,5.266666666666667,3.5,26.0,0.0,0.0,0.0,42.61666666666667,42.65,-1.0,46,175.0,703,2193,2896,15.916666666666666,1.0,42.65,8.11,3.8
2023-12-14,88.0,2.0,7.466666666666667,0.5333333333333333,4,0.0,0,0.0,0.0,0.0,0.0,0.0,0.0,0.0,0.0,0.0,0.0,0.0,0.0,0.0,0.0,0.0,0,94.0,34,2193,2227,16.25,0.0,0.0,0.0,0.0
2023-12-13,65.0,1.0,6.716666666666667,23.183333333333334,0,14.68,1172,78.18333333333334,160.0,182.0,4.7,162.0,191.0,5.333333333333333,4.133333333333334,25.0,0.0,0.0,0.0,78.13333333333334,78.18333333333334,2.0,51,173.0,1295,2193,3488,15.1,1.0,78.18333333333334,14.68,4.7
2023-12-12,88.0,2.0,9.116666666666667,23.316666666666663,0,6.45,509,35.88333333333333,148.0,172.0,3.3,159.0,174.0,5.566666666666666,4.483333333333333,26.0,0.0,0.0,0.0,35.85,35.88333333333333,0.0,48,165.0,577,2193,2770,16.85,1.0,35.88333333333333,6.45,3.3
2023-12-11,81.0,2.0,7.833333333333333,1.0666666666666669,4,0.0,0,0.0,0.0,0.0,0.0,0.0,0.0,0.0,0.0,0.0,0.0,0.0,0.0,0.0,0.0,0.0,0,104.0,61,2193,2254,16.5,0.0,0.0,0.0,0.0
2023-12-10,89.0,2.0,9.433333333333334,23.05,0,5.03,416,29.6,156.0,170.0,3.1,159.0,173.0,5.883333333333333,5.016666666666667,27.0,0.0,0.0,0.0,29.55,29.6,3.0,45,165.0,454,2193,2647,14.05,1.0,29.6,5.03,3.1
2023-12-09,92.0,3.0,9.65,23.08333333333333,0,12.27,962,65.91666666666667,151.0,171.0,4.2,161.0,192.0,5.366666666666666,3.8333333333333335,25.0,0.0,0.0,0.0,65.85,65.91666666666667,-6.0,0,165.0,952,2193,3145,14.35,1.0,65.91666666666667,12.27,4.2
2023-12-08,89.0,2.0,8.05,0.6833333333333333,4,0.0,0,0.0,0.0,0.0,0.0,0.0,0.0,0.0,0.0,0.0,0.0,0.0,0.0,0.0,0.0,0.0,0,112.0,113,2193,2306,15.933333333333334,0.0,0.0,0.0,0.0
2023-12-07,92.0,3.0,10.683333333333334,22.883333333333333,0,8.47,652,44.36666666666667,149.0,173.0,3.7,161.0,173.0,5.233333333333333,3.95,25.0,0.0,0.0,0.0,44.35,44.36666666666667,3.0,47,167.0,690,2193,2883,14.116666666666664,1.0,44.36666666666667,8.47,3.7
2023-12-06,91.0,3.0,10.05,23.03333333333333,0,4.54,351,23.666666666666668,157.0,181.0,3.2,160.0,167.0,5.216666666666667,4.083333333333333,23.0,0.0,0.0,0.0,23.0,23.666666666666668,18.0,49,178.0,935,2193,3128,13.45,1.0,23.666666666666668,4.54,3.2
2023-12-05,46.0,0.0,7.2,1.9333333333333331,4,0.0,0,0.0,0.0,0.0,0.0,0.0,0.0,0.0,0.0,0.0,0.0,0.0,0.0,0.0,0.0,0.0,0,121.0,171,2193,2364,16.85,0.0,0.0,0.0,0.0
2023-11-30,86.0,2.0,8.366666666666667,23.166666666666668,4,0.0,0,0.0,0.0,0.0,0.0,0.0,0.0,0.0,0.0,0.0,0.0,0.0,0.0,0.0,0.0,0.0,0,132.0,919,2193,3112,13.833333333333334,0.0,0.0,0.0,0.0
2023-11-29,77.0,1.0,7.233333333333333,0.25,4,0.0,0,0.0,0.0,0.0,0.0,0.0,0.0,0.0,0.0,0.0,0.0,0.0,0.0,0.0,0.0,0.0,0,133.0,625,2193,2818,16.7,0.0,0.0,0.0,0.0
2023-11-28,83.0,2.0,8.083333333333334,23.55,1,3.82,131,15.0,118.0,140.0,0.8,0.0,0.0,3.92156862745098,0.8915304606240714,14.0,0.0,0.0,0.0,14.45,15.0,39.0,73,178.0,1653,2193,3846,15.483333333333334,2.0,91.95,17.43,5.5
2023-11-27,76.0,1.0,6.766666666666667,0.4833333333333333,4,0.0,0,0.0,0.0,0.0,0.0,0.0,0.0,0.0,0.0,0.0,0.0,0.0,0.0,0.0,0.0,0.0,0,115.0,439,2193,2632,16.766666666666666,0.0,0.0,0.0,0.0
2023-11-26,84.0,2.0,7.9,22.7,0,6.86,528,35.03333333333333,167.0,183.0,3.5,162.0,173.0,5.1,3.2333333333333334,26.0,0.0,0.0,0.0,34.666666666666664,35.03333333333333,42.0,77,179.0,837,2193,3030,15.433333333333334,1.0,35.03333333333333,6.86,3.5
2023-11-25,86.0,2.0,9.683333333333334,0.3666666666666666,4,0.0,0,0.0,0.0,0.0,0.0,0.0,0.0,0.0,0.0,0.0,0.0,0.0,0.0,0.0,0.0,0.0,0,151.0,1922,2193,4115,17.71666666666667,0.0,0.0,0.0,0.0
2023-11-24,22.0,0.0,2.9166666666666665,6.65,0,6.29,483,34.583333333333336,153.0,174.0,3.1,154.0,170.0,5.5,4.383333333333334,26.0,0.0,0.0,0.0,33.03333333333333,34.583333333333336,61.0,73,166.0,849,2193,3042,20.58333333333333,1.0,34.583333333333336,6.29,3.1
2023-11-23,79.0,1.0,8.616666666666667,22.916666666666668,0,7.17,639,58.03333333333333,142.0,168.0,3.1,133.0,212.0,8.1,2.966666666666667,20.0,0.0,0.0,0.0,45.7,60.48333333333333,38.0,42,162.0,1099,2193,3292,13.233333333333334,1.0,58.03333333333333,7.17,3.1
2023-11-20,85.0,2.0,7.266666666666667,0.4833333333333333,0,5.9,626,43.63333333333333,157.0,186.0,3.8,151.0,167.0,7.383333333333334,3.966666666666667,28.0,0.0,0.0,0.0,40.86666666666667,43.63333333333333,239.0,242,181.0,839,2193,3032,16.8,1.0,43.63333333333333,5.9,3.8
2023-11-16,65.0,1.0,7.15,23.1,0,8.72,744,56.516666666666666,162.0,182.0,3.4,144.0,183.0,6.483333333333333,3.083333333333333,18.0,0.0,0.0,0.0,53.55,56.55,31.0,40,176.0,1250,2193,3443,15.35,1.0,56.516666666666666,8.72,3.4
2023-11-15,92.0,3.0,8.083333333333334,23.116666666666667,4,0.0,0,0.0,0.0,0.0,0.0,0.0,0.0,0.0,0.0,0.0,0.0,0.0,0.0,0.0,0.0,0.0,0,117.0,322,2193,2515,15.9,0.0,0.0,0.0,0.0
2023-11-14,81.0,2.0,7.466666666666667,23.98333333333333,1,3.19,165,12.35,144.0,160.0,2.0,0.0,0.0,3.870967741935484,2.6666666666666665,21.0,0.0,0.0,0.0,11.75,12.35,39.0,69,196.0,1404,2193,3597,16.783333333333335,2.0,44.855,8.68,6.699999999999999
2023-11-13,85.0,2.0,8.116666666666667,23.416666666666668,0,5.98,475,34.8,153.0,176.0,3.1,154.0,171.0,5.833333333333333,4.033333333333333,29.0,0.0,0.0,0.0,33.25,34.8,61.0,73,169.0,647,2193,2840,15.966666666666669,1.0,34.8,5.98,3.1
2023-11-11,20.0,0.0,2.95,3.533333333333333,4,0.0,0,0.0,0.0,0.0,0.0,0.0,0.0,0.0,0.0,0.0,0.0,0.0,0.0,0.0,0.0,0.0,0,136.0,1207,2193,3400,19.916666666666664,0.0,0.0,0.0,0.0
2023-11-10,83.0,2.0,9.133333333333333,1.7333333333333334,0,6.06,457,31.166666666666668,155.0,175.0,3.3,162.0,170.0,5.15,4.033333333333333,27.0,0.0,0.0,0.0,31.15,31.166666666666668,7.0,49,170.0,657,2193,2850,16.783333333333335,1.0,31.166666666666668,6.06,3.3
2023-11-09,84.0,2.0,9.166666666666666,23.28333333333333,4,0.0,0,0.0,0.0,0.0,0.0,0.0,0.0,0.0,0.0,0.0,0.0,0.0,0.0,0.0,0.0,0.0,0,102.0,120,2193,2313,12.166666666666668,0.0,0.0,0.0,0.0
2023-11-08,65.0,1.0,9.433333333333334,23.35,0,9.01,679,45.91666666666666,154.0,174.0,3.7,163.0,174.0,5.1,4.0,26.0,0.0,0.0,0.0,45.86666666666667,45.91666666666666,59.0,91,170.0,749,2193,2942,14.716666666666669,1.0,45.91666666666666,9.01,3.7
2023-11-07,86.0,2.0,10.783333333333331,23.73333333333333,4,0.0,0,0.0,0.0,0.0,0.0,0.0,0.0,0.0,0.0,0.0,0.0,0.0,0.0,0.0,0.0,0.0,0,125.0,633,2193,2826,14.916666666666668,0.0,0.0,0.0,0.0
2023-11-06,36.0,0.0,5.083333333333333,4.8,0,6.34,450,32.81666666666667,141.0,158.0,3.0,161.0,170.0,5.166666666666667,4.833333333333333,27.0,0.0,0.0,0.0,32.78333333333333,32.81666666666667,78.0,89,150.0,577,2193,2770,17.883333333333333,1.0,32.81666666666667,6.34,3.0
2023-11-02,95.0,3.0,8.516666666666667,23.15,0,6.11,461,33.28333333333333,145.0,167.0,3.1,154.0,172.0,5.45,3.75,28.0,0.0,0.0,0.0,31.45,33.28333333333333,60.0,73,155.0,860,2193,3053,12.65,1.0,33.28333333333333,6.11,3.1
2023-11-01,84.0,2.0,9.666666666666666,22.4,4,0.0,0,0.0,0.0,0.0,0.0,0.0,0.0,0.0,0.0,0.0,0.0,0.0,0.0,0.0,0.0,0.0,0,152.0,1807,2193,4000,14.716666666666663,0.0,0.0,0.0,0.0
2023-10-31,15.0,0.0,1.4666666666666668,6.016666666666667,0,6.38,454,31.516666666666666,150.0,173.0,3.3,157.0,170.0,4.933333333333334,3.75,27.0,0.0,0.0,0.0,30.45,31.516666666666666,61.0,72,166.0,816,2193,3009,21.866666666666667,1.0,31.516666666666666,6.38,3.3
2023-10-30,90.0,3.0,7.616666666666667,23.33333333333333,0,6.11,460,35.68333333333333,142.0,154.0,2.7,153.0,167.0,5.85,4.166666666666667,26.0,0.0,0.0,0.0,34.5,35.68333333333333,64.0,74,148.0,637,2193,2830,15.083333333333332,1.0,35.68333333333333,6.11,2.7
2023-10-29,90.0,3.0,9.3,22.28333333333333,4,0.0,0,0.0,0.0,0.0,0.0,0.0,0.0,0.0,0.0,0.0,0.0,0.0,0.0,0.0,0.0,0.0,0,131.0,522,2193,2715,15.3,0.0,0.0,0.0,0.0
2023-10-28,33.0,0.0,4.816666666666666,1.2,0,6.74,520,37.333333333333336,150.0,166.0,3.1,153.0,167.0,5.533333333333333,4.35,25.0,0.0,0.0,0.0,35.11666666666667,37.333333333333336,59.0,71,159.0,1182,2193,3375,17.616666666666667,1.0,37.333333333333336,6.74,3.1
2023-10-27,83.0,2.0,9.016666666666667,23.48333333333333,0,7.26,563,39.7,157.0,179.0,3.2,155.0,214.0,5.466666666666667,4.4,26.0,0.0,0.0,0.0,38.1,39.7,61.0,72,173.0,831,2193,3024,15.933333333333334,1.0,39.7,7.26,3.2
2023-10-26,84.0,2.0,8.833333333333334,22.83333333333333,0,8.7,696,46.3,168.0,200.0,3.9,154.0,172.0,5.316666666666666,3.7,25.0,0.0,0.0,0.0,44.06666666666667,46.3,38.0,75,194.0,873,2193,3066,14.183333333333332,1.0,46.3,8.7,3.9
2023-10-25,91.0,3.0,8.933333333333334,22.9,4,0.0,0,0.0,0.0,0.0,0.0,0.0,0.0,0.0,0.0,0.0,0.0,0.0,0.0,0.0,0.0,0.0,0,118.0,86,2193,2279,15.133333333333333,0.0,0.0,0.0,0.0
2023-10-24,87.0,2.0,9.016666666666667,23.65,1,3.47,123,13.483333333333333,120.0,144.0,0.8,0.0,0.0,3.896103896103896,2.3346303501945527,20.0,0.0,0.0,0.0,12.733333333333333,13.483333333333333,35.0,70,195.0,1350,2193,3543,15.683333333333332,2.0,78.68333333333334,13.88,4.8
2023-10-23,86.0,2.0,9.1,23.03333333333333,0,6.31,479,33.38333333333333,154.0,175.0,3.2,157.0,177.0,5.3,3.1666666666666665,26.0,0.0,0.0,0.0,32.45,33.38333333333333,60.0,74,169.0,588,2193,2781,14.233333333333334,1.0,33.38333333333333,6.31,3.2
2023-10-22,88.0,2.0,10.216666666666669,22.75,4,0.0,0,0.0,0.0,0.0,0.0,0.0,0.0,0.0,0.0,0.0,0.0,0.0,0.0,0.0,0.0,0.0,0,177.0,1134,2193,3327,14.4,0.0,0.0,0.0,0.0
2023-10-21,39.0,0.0,5.883333333333333,3.1166666666666667,0,6.27,467,33.18333333333333,154.0,180.0,3.2,157.0,172.0,5.3,3.3166666666666664,27.0,0.0,0.0,0.0,31.8,33.18333333333333,61.0,73,173.0,1109,2193,3302,18.133333333333333,1.0,33.18333333333333,6.27,3.2
2023-10-20,87.0,2.0,9.85,22.766666666666666,0,8.67,714,51.98333333333333,155.0,190.0,3.7,139.0,174.0,6.0,3.633333333333333,27.0,0.0,0.0,0.0,48.28333333333333,51.98333333333333,58.0,72,178.0,1043,2193,3236,13.3,1.0,51.98333333333333,8.67,3.7
2023-10-19,86.0,2.0,8.75,22.53333333333333,4,0.0,0,0.0,0.0,0.0,0.0,0.0,0.0,0.0,0.0,0.0,0.0,0.0,0.0,0.0,0.0,0.0,0,125.0,261,2193,2454,13.866666666666667,0.0,0.0,0.0,0.0
2023-10-18,81.0,2.0,8.533333333333333,22.7,0,5.65,428,32.86666666666667,148.0,164.0,2.7,155.0,167.0,5.816666666666666,4.4,28.0,0.0,0.0,0.0,31.916666666666668,32.86666666666667,63.0,72,159.0,991,2193,3184,15.383333333333333,1.0,32.86666666666667,5.65,2.7
2023-10-17,81.0,2.0,8.616666666666667,22.466666666666665,0,4.51,413,28.933333333333334,159.0,190.0,3.2,156.0,172.0,6.4,4.0,27.0,0.0,0.0,0.0,27.08333333333333,28.933333333333334,56.0,69,184.0,834,2193,3027,15.15,1.0,28.933333333333334,4.51,3.2
2023-10-16,81.0,2.0,8.433333333333334,22.933333333333334,0,6.98,539,41.35,151.0,169.0,2.9,153.0,198.0,5.916666666666667,4.266666666666667,27.0,0.0,0.0,0.0,39.333333333333336,41.35,61.0,73,162.0,784,2193,2977,15.616666666666667,1.0,41.35,6.98,2.9
2023-10-15,79.0,1.0,7.766666666666667,0.2166666666666666,4,0.0,0,0.0,0.0,0.0,0.0,0.0,0.0,0.0,0.0,0.0,0.0,0.0,0.0,0.0,0.0,0.0,0,132.0,1389,2193,3582,16.73333333333333,0.0,0.0,0.0,0.0
2023-10-14,16.0,0.0,1.6166666666666667,7.516666666666667,4,0.0,0,0.0,0.0,0.0,0.0,0.0,0.0,0.0,0.0,0.0,0.0,0.0,0.0,0.0,0.0,0.0,0,131.0,802,2193,2995,23.53333333333333,0.0,0.0,0.0,0.0
2023-10-11,71.0,1.0,6.55,0.6,0,7.08,563,40.6,156.0,173.0,3.1,154.0,198.0,5.733333333333333,4.416666666666667,30.0,0.0,0.0,0.0,38.4,40.6,59.0,70,168.0,960,2193,3153,14.85,1.0,40.6,7.08,3.1
2023-10-10,80.0,2.0,7.833333333333333,23.45,0,7.74,578,38.86666666666667,160.0,196.0,3.5,160.0,173.0,5.016666666666667,3.7,30.0,0.0,0.0,0.0,38.28333333333333,38.86666666666667,34.0,71,187.0,1093,2193,3286,16.133333333333333,1.0,38.86666666666667,7.74,3.5
2023-10-09,88.0,2.0,7.9,23.6,0,6.08,456,31.58333333333333,158.0,180.0,3.2,159.0,170.0,5.2,4.216666666666667,30.0,0.0,0.0,0.0,30.366666666666667,31.58333333333333,59.0,70,174.0,669,2193,2862,16.26666666666667,1.0,31.58333333333333,6.08,3.2
2023-10-06,31.0,0.0,4.033333333333333,7.466666666666667,4,0.0,0,0.0,0.0,0.0,0.0,0.0,0.0,0.0,0.0,0.0,0.0,0.0,0.0,0.0,0.0,0.0,0,135.0,1188,2193,3381,23.96666666666667,0.0,0.0,0.0,0.0
2023-10-05,81.0,2.0,7.7,23.6,4,0.0,0,0.0,0.0,0.0,0.0,0.0,0.0,0.0,0.0,0.0,0.0,0.0,0.0,0.0,0.0,0.0,0,123.0,556,2193,2749,11.583333333333334,0.0,0.0,0.0,0.0
2023-10-04,46.0,0.0,6.25,0.6833333333333333,4,0.0,0,0.0,0.0,0.0,0.0,0.0,0.0,0.0,0.0,0.0,0.0,0.0,0.0,0.0,0.0,0.0,0,119.0,355,2193,2548,16.85,0.0,0.0,0.0,0.0
2023-10-03,84.0,2.0,7.85,23.58333333333333,0,5.76,415,30.566666666666663,144.0,165.0,2.8,159.0,172.0,5.3,3.183333333333333,28.0,0.0,0.0,0.0,29.5,30.566666666666663,61.0,71,212.0,753,2193,2946,16.233333333333334,1.0,30.566666666666663,5.76,2.8
2023-10-02,87.0,2.0,7.316666666666666,0.1833333333333333,0,5.74,446,32.3,153.0,171.0,2.9,156.0,168.0,5.633333333333333,3.8,31.0,0.0,0.0,0.0,31.08333333333333,36.85,61.0,72,228.0,862,2193,3055,16.433333333333334,1.0,32.3,5.74,2.9
2023-10-01,87.0,2.0,9.283333333333331,22.433333333333334,0,9.83,728,42.833333333333336,181.0,203.0,4.8,169.0,182.0,4.35,3.183333333333333,21.0,36.0,22.0,43.0,42.75,42.833333333333336,47.0,66,219.0,1444,2193,3637,14.933333333333334,1.0,42.833333333333336,9.83,4.8
2023-09-30,89.0,2.0,7.533333333333333,23.53333333333333,0,4.83,352,25.33333333333333,153.0,190.0,2.9,161.0,190.0,5.25,3.1,30.0,31.0,21.0,38.0,25.15,25.33333333333333,65.0,73,176.0,442,2193,2635,15.76666666666667,1.0,25.33333333333333,4.83,2.9
2023-09-28,28.0,0.0,3.533333333333333,4.75,4,0.0,0,0.0,0.0,0.0,0.0,0.0,0.0,0.0,0.0,0.0,0.0,0.0,0.0,0.0,0.0,0.0,0,137.0,1060,2193,3253,21.666666666666668,0.0,0.0,0.0,0.0
2023-09-27,28.0,0.0,3.633333333333333,3.8,0,8.09,610,38.41666666666666,167.0,191.0,4.0,161.0,173.0,4.75,3.9166666666666665,28.0,0.0,0.0,0.0,37.85,38.41666666666666,38.0,57,184.0,1426,2193,3619,19.4,1.0,38.41666666666666,8.09,4.0
2023-09-26,89.0,2.0,7.583333333333333,23.83333333333333,0,11.93,896,67.33333333333333,156.0,190.0,3.9,155.0,187.0,5.65,2.8166666666666664,29.0,32.0,16.0,42.0,66.1,67.33333333333333,60.0,70,185.0,1210,2193,3403,15.616666666666664,1.0,67.33333333333333,11.93,3.9
2023-09-25,85.0,2.0,7.25,23.866666666666667,0,5.4,416,30.433333333333334,153.0,190.0,3.0,158.0,167.0,5.633333333333333,4.7,28.0,32.0,18.0,44.0,29.15,30.433333333333334,63.0,73,167.0,839,2193,3032,16.133333333333333,1.0,30.433333333333334,5.4,3.0
2023-09-24,87.0,2.0,7.5,23.766666666666666,4,0.0,0,0.0,0.0,0.0,0.0,0.0,0.0,0.0,0.0,0.0,0.0,0.0,0.0,0.0,0.0,0.0,0,129.0,618,2193,2811,16.65,0.0,0.0,0.0,0.0
2023-09-23,37.0,0.0,4.85,3.3833333333333333,0,9.61,763,72.36666666666666,136.0,173.0,3.5,64.0,185.0,7.533333333333333,2.6833333333333336,25.0,0.0,0.0,0.0,47.8,77.21666666666667,33.0,136,164.0,1974,2193,4167,20.05,1.0,72.36666666666666,9.61,3.5
2023-09-22,92.0,3.0,8.533333333333333,23.25,4,0.0,0,0.0,0.0,0.0,0.0,0.0,0.0,0.0,0.0,0.0,0.0,0.0,0.0,0.0,0.0,0.0,0,112.0,190,2193,2383,14.266666666666667,0.0,0.0,0.0,0.0
2023-09-21,97.0,3.0,8.116666666666667,23.816666666666663,0,6.29,468,33.95,148.0,180.0,3.1,157.0,170.0,5.4,3.8333333333333335,27.0,0.0,0.0,0.0,32.916666666666664,33.95,60.0,72,169.0,840,2193,3033,15.95,1.0,33.95,6.29,3.1
2023-09-20,92.0,3.0,7.633333333333333,23.73333333333333,0,5.89,410,32.583333333333336,140.0,158.0,2.5,161.0,169.0,5.533333333333333,4.633333333333333,30.0,24.0,15.0,34.0,32.516666666666666,32.583333333333336,65.0,73,165.0,646,2193,2839,15.783333333333337,1.0,32.583333333333336,5.89,2.5
2023-09-19,94.0,3.0,8.25,23.15,0,10.54,771,56.25,155.0,184.0,3.9,157.0,172.0,5.333333333333333,1.85,29.0,30.0,18.0,41.0,55.516666666666666,56.25,59.0,74,179.0,950,2193,3143,15.73333333333333,1.0,56.25,10.54,3.9
2023-09-15,32.0,0.0,4.316666666666666,4.8,4,0.0,0,0.0,0.0,0.0,0.0,0.0,0.0,0.0,0.0,0.0,0.0,0.0,0.0,0.0,0.0,0.0,0,116.0,657,2193,2850,21.316666666666663,0.0,0.0,0.0,0.0
2023-09-14,63.0,1.0,7.3,0.6333333333333333,3,0.625,367,64.55,146.0,177.0,3.4,0.0,0.0,20.166666666666664,8.666666666666668,0.0,0.0,0.0,0.0,12.633333333333333,87.53333333333333,0.0,0,195.0,1648,2193,3841,14.55,2.0,123.2,8.225,7.4
2023-09-13,82.0,2.0,7.716666666666667,23.6,4,0.0,0,0.0,0.0,0.0,0.0,0.0,0.0,0.0,0.0,0.0,0.0,0.0,0.0,0.0,0.0,0.0,0,133.0,458,2193,2651,15.400000000000002,0.0,0.0,0.0,0.0
2023-09-12,75.0,1.0,8.466666666666667,22.966666666666665,0,8.19,643,46.68333333333333,155.0,193.0,3.4,157.0,187.0,5.7,3.8333333333333335,30.0,30.0,20.0,39.0,45.266666666666666,46.68333333333333,40.0,78,171.0,845,2193,3038,15.549999999999995,1.0,46.68333333333333,8.19,3.4
2023-09-11,87.0,2.0,8.733333333333333,22.6,0,8.21,710,57.3,151.0,196.0,3.6,141.0,248.0,6.983333333333333,2.9166666666666665,31.0,31.0,18.0,42.0,52.8,57.3,61.0,74,189.0,834,2193,3027,14.8,1.0,57.3,8.21,3.6
2023-09-10,93.0,3.0,8.916666666666666,23.566666666666663,4,0.0,0,0.0,0.0,0.0,0.0,0.0,0.0,0.0,0.0,0.0,0.0,0.0,0.0,0.0,0.0,0.0,0,102.0,141,2193,2334,16.016666666666666,0.0,0.0,0.0,0.0
2023-09-09,82.0,2.0,8.883333333333333,0.4666666666666667,4,0.0,0,0.0,0.0,0.0,0.0,0.0,0.0,0.0,0.0,0.0,0.0,0.0,0.0,0.0,0.0,0.0,0,157.0,2877,2193,5070,15.983333333333333,0.0,0.0,0.0,0.0
2023-09-07,79.0,1.0,7.416666666666667,23.58333333333333,0,5.96,473,35.75,151.0,171.0,3.0,153.0,167.0,6.0,4.433333333333334,32.0,0.0,0.0,0.0,34.56666666666667,35.75,62.0,73,165.0,769,2193,2962,14.216666666666663,1.0,35.75,5.96,3.0
2023-09-06,80.0,2.0,7.716666666666667,23.216666666666665,0,7.03,542,38.5,158.0,197.0,3.4,160.0,184.0,5.483333333333333,3.8166666666666655,33.0,32.0,19.0,41.0,37.75,38.5,62.0,72,184.0,1043,2193,3236,15.883333333333333,1.0,38.5,7.03,3.4
2023-09-05,81.0,2.0,8.316666666666666,22.866666666666667,0,6.28,510,37.25,159.0,197.0,3.2,158.0,168.0,5.933333333333334,4.316666666666666,33.0,32.0,20.0,40.0,36.36666666666667,37.25,61.0,72,176.0,750,2193,2943,15.516666666666667,1.0,37.25,6.28,3.2
2023-09-04,92.0,3.0,7.8,23.58333333333333,4,0.0,0,0.0,0.0,0.0,0.0,0.0,0.0,0.0,0.0,0.0,0.0,0.0,0.0,0.0,0.0,0.0,0,113.0,498,2193,2691,16.099999999999998,0.0,0.0,0.0,0.0
2023-09-03,69.0,1.0,8.333333333333334,22.616666666666667,4,0.0,0,0.0,0.0,0.0,0.0,0.0,0.0,0.0,0.0,0.0,0.0,0.0,0.0,0.0,0.0,0.0,0,113.0,620,2193,2813,15.033333333333337,0.0,0.0,0.0,0.0
2023-09-02,79.0,1.0,9.383333333333333,23.416666666666668,4,0.0,0,0.0,0.0,0.0,0.0,0.0,0.0,0.0,0.0,0.0,0.0,0.0,0.0,0.0,0.0,0.0,0,116.0,496,2193,2689,15.716666666666669,0.0,0.0,0.0,0.0
2023-09-01,85.0,2.0,10.683333333333334,22.7,4,0.0,0,0.0,0.0,0.0,0.0,0.0,0.0,0.0,0.0,0.0,0.0,0.0,0.0,0.0,0.0,0.0,0,141.0,1608,2193,3801,13.35,0.0,0.0,0.0,0.0
2023-08-31,25.0,0.0,3.05,4.816666666666666,4,0.0,0,0.0,0.0,0.0,0.0,0.0,0.0,0.0,0.0,0.0,0.0,0.0,0.0,0.0,0.0,0.0,0,124.0,558,2193,2751,19.35,0.0,0.0,0.0,0.0
2023-08-30,89.0,2.0,8.233333333333333,23.3,0,9.87,750,60.766666666666666,147.0,192.0,3.6,147.0,213.0,6.15,3.2666666666666666,29.0,30.0,18.0,45.0,57.78333333333333,60.766666666666666,60.0,72,187.0,1036,2193,3229,15.416666666666668,1.0,60.766666666666666,9.87,3.6
2023-08-29,88.0,2.0,8.733333333333333,23.25,0,5.87,416,31.95,142.0,196.0,2.8,160.0,169.0,5.433333333333334,3.6,29.0,28.0,18.0,37.0,31.383333333333333,31.95,64.0,72,161.0,656,2193,2849,15.583333333333332,1.0,31.95,5.87,2.8
2023-08-28,91.0,3.0,8.683333333333334,23.216666666666665,4,0.0,0,0.0,0.0,0.0,0.0,0.0,0.0,0.0,0.0,0.0,0.0,0.0,0.0,0.0,0.0,0.0,0,107.0,174,2193,2367,15.083333333333332,0.0,0.0,0.0,0.0
2023-08-27,93.0,3.0,8.45,23.73333333333333,4,0.0,0,0.0,0.0,0.0,0.0,0.0,0.0,0.0,0.0,0.0,0.0,0.0,0.0,0.0,0.0,0.0,0,141.0,1406,2193,3599,15.65,0.0,0.0,0.0,0.0
2023-08-26,39.0,0.0,7.866666666666667,4.45,4,0.0,0,0.0,0.0,0.0,0.0,0.0,0.0,0.0,0.0,0.0,0.0,0.0,0.0,0.0,0.0,0.0,0,146.0,3327,2193,5520,20.15,0.0,0.0,0.0,0.0
2023-08-25,38.0,0.0,5.4,5.166666666666667,4,0.0,0,0.0,0.0,0.0,0.0,0.0,0.0,0.0,0.0,0.0,0.0,0.0,0.0,0.0,0.0,0.0,0,133.0,1068,2193,3261,16.083333333333336,0.0,0.0,0.0,0.0
2023-08-24,75.0,1.0,7.25,0.9166666666666666,4,0.0,0,0.0,0.0,0.0,0.0,0.0,0.0,0.0,0.0,0.0,0.0,0.0,0.0,0.0,0.0,0.0,0,119.0,443,2193,2636,14.15,0.0,0.0,0.0,0.0
2023-08-23,40.0,0.0,6.583333333333333,1.2833333333333332,0,5.66,444,29.85,165.0,186.0,3.2,163.0,173.0,5.283333333333333,3.6666666666666665,32.0,34.0,25.0,40.0,29.716666666666665,32.15,63.0,73,184.0,1037,2193,3230,16.883333333333333,1.0,29.85,5.66,3.2
2023-08-22,94.0,3.0,8.066666666666666,23.316666666666663,0,7.09,569,41.016666666666666,158.0,203.0,3.2,159.0,194.0,5.783333333333333,3.783333333333333,32.0,32.0,21.0,42.0,40.6,41.016666666666666,61.0,71,178.0,758,2193,2951,15.066666666666666,1.0,41.016666666666666,7.09,3.2
2023-08-21,92.0,3.0,9.25,22.683333333333334,4,0.0,0,0.0,0.0,0.0,0.0,0.0,0.0,0.0,0.0,0.0,0.0,0.0,0.0,0.0,0.0,0.0,0,90.0,4,2193,2197,15.25,0.0,0.0,0.0,0.0
2023-08-20,36.0,0.0,4.916666666666667,23.666666666666668,4,0.0,0,0.0,0.0,0.0,0.0,0.0,0.0,0.0,0.0,0.0,0.0,0.0,0.0,0.0,0.0,0.0,0,142.0,2698,2193,4891,15.683333333333334,0.0,0.0,0.0,0.0
2023-08-19,31.0,0.0,3.983333333333333,6.0,0,5.79,436,33.833333333333336,148.0,186.0,2.6,157.0,176.0,5.85,4.083333333333333,30.0,26.0,13.0,35.0,32.766666666666666,33.833333333333336,26.0,195,159.0,1330,2193,3523,24.883333333333333,1.0,33.833333333333336,5.79,2.6
2023-08-18,37.0,0.0,8.483333333333333,0.3,0,7.61,624,41.8,169.0,196.0,3.7,161.0,187.0,5.483333333333333,3.9166666666666665,32.0,31.0,15.0,40.0,41.41666666666666,41.8,39.0,76,192.0,1519,2193,3712,13.966666666666669,1.0,41.8,7.61,3.7
2023-08-17,94.0,3.0,8.283333333333333,23.366666666666667,4,0.0,0,0.0,0.0,0.0,0.0,0.0,0.0,0.0,0.0,0.0,0.0,0.0,0.0,0.0,0.0,0.0,0,112.0,340,2193,2533,13.116666666666667,0.0,0.0,0.0,0.0
2023-08-16,87.0,2.0,7.816666666666666,23.666666666666668,0,5.29,440,30.55,166.0,201.0,3.1,159.0,168.0,5.783333333333333,4.683333333333334,31.0,34.0,21.0,40.0,30.08333333333333,30.55,65.0,73,179.0,898,2193,3091,15.933333333333334,1.0,30.55,5.29,3.1
2023-08-15,85.0,2.0,7.416666666666667,0.8833333333333333,4,0.0,0,0.0,0.0,0.0,0.0,0.0,0.0,0.0,0.0,0.0,0.0,0.0,0.0,0.0,0.0,0.0,0,114.0,323,2193,2516,17.216666666666665,0.0,0.0,0.0,0.0
2023-08-14,87.0,2.0,9.233333333333333,1.3833333333333333,4,0.0,0,0.0,0.0,0.0,0.0,0.0,0.0,0.0,0.0,0.0,0.0,0.0,0.0,0.0,0.0,0.0,0,99.0,108,2193,2301,16.75,0.0,0.0,0.0,0.0
2023-08-09,90.0,3.0,7.483333333333333,23.7,4,0.0,0,0.0,0.0,0.0,0.0,0.0,0.0,0.0,0.0,0.0,0.0,0.0,0.0,0.0,0.0,0.0,0,102.0,105,2193,2298,12.95,0.0,0.0,0.0,0.0
2023-08-08,91.0,3.0,7.666666666666667,23.65,0,7.31,533,36.98333333333333,155.0,194.0,3.2,162.0,175.0,5.05,3.4,29.0,31.0,17.0,42.0,36.46666666666667,36.98333333333333,62.0,72,205.0,843,2193,3036,16.43333333333333,1.0,36.98333333333333,7.31,3.2
2023-08-07,84.0,2.0,7.433333333333334,23.85,0,5.5,433,30.383333333333333,157.0,202.0,3.0,161.0,169.0,5.516666666666667,3.45,29.0,31.0,19.0,41.0,29.3,30.383333333333333,66.0,77,172.0,682,2193,2875,16.46666666666667,1.0,30.383333333333333,5.5,3.0
2023-08-06,90.0,3.0,8.716666666666667,23.48333333333333,4,0.0,0,0.0,0.0,0.0,0.0,0.0,0.0,0.0,0.0,0.0,0.0,0.0,0.0,0.0,0.0,0.0,0,133.0,954,2193,3147,15.95,0.0,0.0,0.0,0.0
2023-08-05,31.0,0.0,5.566666666666666,2.833333333333333,0,5.79,424,26.966666666666665,168.0,201.0,3.5,166.0,184.0,4.65,3.2,28.0,33.0,19.0,42.0,26.516666666666666,26.966666666666665,64.0,73,185.0,1860,2193,4053,18.416666666666664,1.0,26.966666666666665,5.79,3.5
2023-08-04,82.0,2.0,6.85,0.0666666666666666,0,7.07,550,41.35,151.0,194.0,2.9,158.0,174.0,5.85,3.9333333333333336,29.0,28.0,14.0,39.0,39.75,41.35,61.0,73,190.0,770,2193,2963,14.066666666666666,1.0,41.35,7.07,2.9
2023-08-03,93.0,3.0,7.683333333333334,23.566666666666663,4,0.0,0,0.0,0.0,0.0,0.0,0.0,0.0,0.0,0.0,0.0,0.0,0.0,0.0,0.0,0.0,0.0,0,109.0,273,2193,2466,16.65,0.0,0.0,0.0,0.0
2023-08-02,88.0,2.0,8.366666666666667,22.98333333333333,0,10.71,861,65.73333333333333,156.0,195.0,3.8,153.0,184.0,6.133333333333334,3.05,30.0,31.0,21.0,42.0,64.63333333333334,65.73333333333333,58.0,75,181.0,1177,2193,3370,15.516666666666667,1.0,65.73333333333333,10.71,3.8
2023-08-01,88.0,2.0,8.133333333333333,22.933333333333334,0,7.18,560,41.05,153.0,200.0,3.1,161.0,167.0,5.716666666666667,4.466666666666667,29.0,31.0,19.0,44.0,40.2,41.05,61.0,72,173.0,752,2193,2945,15.45,1.0,41.05,7.18,3.1
2023-07-31,95.0,3.0,8.116666666666667,23.15,4,0.0,0,0.0,0.0,0.0,0.0,0.0,0.0,0.0,0.0,0.0,0.0,0.0,0.0,0.0,0.0,0.0,0,115.0,127,2189,2316,15.95,0.0,0.0,0.0,0.0
2023-07-30,89.0,2.0,7.566666666666666,0.05,0,5.71,434,32.31666666666667,151.0,194.0,2.8,161.0,172.0,5.65,4.583333333333333,28.0,30.0,16.0,42.0,31.98333333333333,32.31666666666667,63.0,72,166.0,645,2193,2838,16.733333333333334,1.0,32.31666666666667,5.71,2.8
2023-07-29,95.0,3.0,8.916666666666666,23.383333333333333,0,5.5,497,36.13333333333333,166.0,203.0,3.4,142.0,248.0,6.566666666666666,3.1,28.0,34.0,22.0,47.0,34.85,36.13333333333333,59.0,69,195.0,1016,2193,3209,15.633333333333333,1.0,58.78333333333333,8.56,5.699999999999999
2023-07-28,86.0,2.0,9.233333333333333,23.916666666666668,4,0.0,0,0.0,0.0,0.0,0.0,0.0,0.0,0.0,0.0,0.0,0.0,0.0,0.0,0.0,0.0,0.0,0,117.0,318,2193,2511,15.616666666666667,0.0,0.0,0.0,0.0
2023-07-27,90.0,3.0,8.3,23.5,0,7.68,593,39.583333333333336,167.0,197.0,3.6,164.0,173.0,5.15,3.6,28.0,34.0,23.0,42.0,39.55,39.583333333333336,39.0,78,194.0,972,2193,3165,14.133333333333333,1.0,39.583333333333336,7.68,3.6
2023-07-26,88.0,2.0,8.933333333333334,22.65,0,5.8,426,30.216666666666665,151.0,173.0,3.0,164.0,172.0,5.2,3.05,30.0,31.0,22.0,38.0,30.183333333333334,30.216666666666665,64.0,73,163.0,815,2193,3008,14.8,1.0,30.216666666666665,5.8,3.0
2023-07-25,89.0,2.0,8.566666666666666,23.55,4,0.0,0,0.0,0.0,0.0,0.0,0.0,0.0,0.0,0.0,0.0,0.0,0.0,0.0,0.0,0.0,0.0,0,119.0,252,2193,2445,15.766666666666667,0.0,0.0,0.0,0.0
2023-07-24,88.0,2.0,8.816666666666666,22.53333333333333,4,0.0,0,0.0,0.0,0.0,0.0,0.0,0.0,0.0,0.0,0.0,0.0,0.0,0.0,0.0,0.0,0.0,0,95.0,29,2193,2222,14.416666666666668,0.0,0.0,0.0,0.0
2023-07-22,16.0,0.0,2.05,7.35,4,0.0,0,0.0,0.0,0.0,0.0,0.0,0.0,0.0,0.0,0.0,0.0,0.0,0.0,0.0,0.0,0.0,0,139.0,4317,2193,6510,23.5,0.0,0.0,0.0,0.0
2023-07-21,19.0,0.0,3.3666666666666667,2.45,4,0.0,0,0.0,0.0,0.0,0.0,0.0,0.0,0.0,0.0,0.0,0.0,0.0,0.0,0.0,0.0,0.0,0,143.0,2322,2193,4515,17.0,0.0,0.0,0.0,0.0
2023-07-18,91.0,3.0,7.85,23.73333333333333,0,8.11,591,43.266666666666666,154.0,183.0,3.3,163.0,173.0,5.333333333333333,3.5166666666666666,29.0,26.0,11.0,40.0,43.23333333333333,43.266666666666666,69.0,89,178.0,857,2193,3050,15.816666666666666,1.0,43.266666666666666,8.11,3.3
2023-07-16,83.0,2.0,8.2,0.2333333333333333,0,14.7,1164,82.56666666666666,153.0,181.0,3.7,162.0,232.0,5.616666666666667,4.066666666666666,28.0,31.0,17.0,38.0,82.5,82.56666666666666,1.0,50,177.0,1437,2203,3640,16.650000000000002,1.0,82.56666666666666,14.7,3.7
2023-07-15,64.0,1.0,6.2,23.666666666666668,0,8.23,635,45.16666666666666,150.0,178.0,3.2,163.0,187.0,5.483333333333333,4.433333333333334,29.0,30.0,19.0,39.0,45.13333333333333,45.16666666666666,-2.0,46,173.0,698,2203,2901,14.7,1.0,45.16666666666666,8.23,3.2
2023-07-14,87.0,2.0,8.0,0.0333333333333333,0,8.15,669,45.45,158.0,184.0,3.5,163.0,203.0,5.583333333333333,2.4,30.0,33.0,22.0,41.0,45.41666666666666,45.45,2.0,48,178.0,747,2203,2950,16.6,1.0,45.45,8.15,3.5
2023-07-13,91.0,3.0,8.883333333333333,0.1,0,8.23,645,45.266666666666666,151.0,178.0,3.3,163.0,216.0,5.5,4.0,30.0,31.0,18.0,39.0,45.23333333333333,45.266666666666666,3.0,48,170.0,677,2203,2880,15.783333333333337,1.0,45.266666666666666,8.23,3.3
2023-07-12,91.0,3.0,8.7,23.85,0,6.21,430,33.7,142.0,160.0,2.5,161.0,208.0,5.433333333333334,1.8333333333333333,30.0,22.0,13.0,33.0,33.13333333333333,33.7,65.0,75,150.0,711,2203,2914,14.633333333333336,1.0,33.7,6.21,2.5
2023-07-11,92.0,3.0,7.7,23.366666666666667,0,1.93,151,10.666666666666666,158.0,170.0,2.1,162.0,170.0,5.516666666666667,4.833333333333333,34.0,33.0,24.0,38.0,10.6,10.666666666666666,65.0,70,164.0,755,2203,2958,14.683333333333334,2.0,54.06666666666666,3.87,4.8
2023-07-10,94.0,3.0,8.083333333333334,23.28333333333333,0,9.2,708,55.88333333333333,150.0,190.0,3.3,147.0,188.0,6.066666666666666,3.0,32.0,30.0,16.0,42.0,52.85,58.75,60.0,75,186.0,793,2203,2996,16.21666666666667,1.0,55.88333333333333,9.2,3.3
2023-07-09,79.0,1.0,9.583333333333334,22.016666666666666,1,3.08,117,20.366666666666667,100.0,114.0,0.2,0.0,0.0,6.593406593406594,1.791044776119403,30.0,0.0,0.0,0.0,16.766666666666666,20.366666666666667,57.0,68,226.0,973,2203,3176,14.65,2.0,72.08333333333334,13.45,3.6
2023-07-08,87.0,2.0,9.45,0.5666666666666667,4,0.0,0,0.0,0.0,0.0,0.0,0.0,0.0,0.0,0.0,0.0,0.0,0.0,0.0,0.0,0.0,0.0,0,145.0,2266,2203,4469,16.8,0.0,0.0,0.0,0.0
2023-07-07,21.0,0.0,3.4333333333333336,7.35,0,1.92,159,9.74,179.0,190.0,2.5,166.0,172.0,5.083333333333333,4.45,37.0,35.0,25.0,41.0,9.71,9.74,65.0,70,185.0,1981,2203,4184,21.333333333333336,2.0,58.74,4.05,7.7
2023-07-06,90.0,3.0,8.166666666666666,23.4,0,6.28,455,34.28333333333333,150.0,163.0,2.8,164.0,172.0,5.466666666666667,4.383333333333334,31.0,26.0,12.0,35.0,34.266666666666666,34.28333333333333,59.0,71,158.0,764,2203,2967,11.566666666666665,1.0,34.28333333333333,6.28,2.8
2023-07-05,80.0,2.0,8.083333333333334,23.55,0,6.27,551,42.93333333333333,155.0,199.0,3.4,144.0,226.0,6.85,2.85,26.0,31.0,20.0,44.0,40.66666666666666,42.93333333333333,59.0,68,190.0,964,2203,3167,15.916666666666668,1.0,55.06666666666666,8.559999999999999,5.5
2023-07-04,83.0,2.0,8.8,22.75,0,1.99,157,10.366666666666667,169.0,183.0,2.3,159.0,173.0,5.2,4.083333333333333,30.0,34.0,25.0,40.0,10.05,10.366666666666667,66.0,70,176.0,674,2203,2877,14.9,2.0,50.76666666666667,3.97,5.9
2023-07-03,84.0,2.0,9.816666666666666,23.666666666666668,0,6.57,512,34.35,164.0,189.0,3.3,164.0,177.0,5.233333333333333,4.1,30.0,34.0,19.0,42.0,34.333333333333336,34.35,39.0,75,181.0,721,2203,2924,16.033333333333335,1.0,34.35,6.57,3.3
2023-07-02,86.0,2.0,7.233333333333333,1.1166666666666667,4,0.0,0,0.0,0.0,0.0,0.0,0.0,0.0,0.0,0.0,0.0,0.0,0.0,0.0,0.0,0.0,0.0,0,91.0,9,2203,2212,15.583333333333334,0.0,0.0,0.0,0.0
2023-06-28,83.0,2.0,6.933333333333334,0.5166666666666667,0,2.13,177,12.683333333333334,159.0,169.0,2.2,160.0,179.0,5.95,4.5,28.0,32.0,22.0,38.0,12.433333333333334,12.683333333333334,59.0,69,193.0,923,2203,3126,16.166666666666664,1.0,54.90333333333333,9.27,8.299999999999999
2023-06-27,85.0,2.0,7.566666666666666,23.78333333333333,0,1.94,165,10.633333333333333,175.0,183.0,2.4,160.0,186.0,5.483333333333333,2.1166666666666667,32.0,36.0,24.0,41.0,10.416666666666666,10.633333333333333,65.0,70,178.0,933,2203,3136,16.333333333333336,2.0,47.31666666666666,3.74,7.1
2023-06-26,88.0,2.0,7.983333333333333,23.366666666666667,0,6.61,503,32.6,166.0,198.0,3.5,165.0,173.0,4.933333333333334,4.033333333333333,29.0,34.0,22.0,41.0,32.55,32.6,37.0,72,190.0,874,2203,3077,15.983333333333334,1.0,32.6,6.61,3.5
2023-06-25,83.0,2.0,8.716666666666667,23.05,4,0.0,0,0.0,0.0,0.0,0.0,0.0,0.0,0.0,0.0,0.0,0.0,0.0,0.0,0.0,0.0,0.0,0,105.0,116,2203,2319,15.433333333333334,0.0,0.0,0.0,0.0
2023-06-24,60.0,1.0,9.15,23.633333333333333,1,7.6,272,37.083333333333336,113.0,147.0,1.1,0.0,0.0,4.878048780487805,2.586206896551724,32.0,0.0,0.0,0.0,32.65,37.083333333333336,40.0,76,136.0,578,2203,2781,15.85,1.0,37.083333333333336,7.6,1.1
2023-06-21,16.0,0.0,1.8166666666666669,6.916666666666667,0,1.78,143,9.225,170.0,184.0,2.3,165.0,171.0,5.166666666666667,4.083333333333333,31.0,34.0,19.0,41.0,9.221666666666668,9.225,65.0,70,175.0,1675,2203,3878,21.116666666666667,2.0,51.49166666666667,3.75,6.0
2023-06-20,79.0,1.0,7.5,23.383333333333333,0,7.86,655,42.63333333333333,162.0,191.0,3.9,163.0,229.0,5.416666666666667,2.75,31.0,32.0,21.0,40.0,42.16666666666666,43.06666666666667,36.0,73,186.0,1192,2201,3393,14.6,1.0,42.63333333333333,7.86,3.9
2023-06-19,87.0,2.0,7.566666666666666,23.33333333333333,0,6.64,569,36.46666666666667,164.0,192.0,3.8,165.0,180.0,5.5,4.3,31.0,33.0,17.0,42.0,36.45,36.46666666666667,45.0,78,187.0,1013,2203,3216,15.816666666666666,1.0,36.46666666666667,6.64,3.8
2023-06-18,90.0,3.0,8.183333333333334,23.15,1,7.55,260,35.75,113.0,137.0,0.9,0.0,0.0,4.724409448818898,2.5974025974025974,32.0,0.0,0.0,0.0,29.866666666666667,35.75,40.0,73,129.0,547,2203,2750,15.916666666666664,1.0,35.75,7.55,0.9
2023-06-17,89.0,2.0,8.533333333333333,0.6666666666666666,4,0.0,0,0.0,0.0,0.0,0.0,0.0,0.0,0.0,0.0,0.0,0.0,0.0,0.0,0.0,0.0,0.0,0,115.0,225,2203,2428,17.233333333333334,0.0,0.0,0.0,0.0
2023-06-15,96.0,3.0,7.95,23.83333333333333,4,0.0,0,0.0,0.0,0.0,0.0,0.0,0.0,0.0,0.0,0.0,0.0,0.0,0.0,0.0,0.0,0.0,0,101.0,54,2201,2255,14.499999999999998,0.0,0.0,0.0,0.0
2023-06-13,86.0,2.0,8.45,23.53333333333333,0,1.87,158,10.866666666666667,169.0,185.0,2.3,158.0,169.0,5.8,4.533333333333333,33.0,0.0,0.0,0.0,10.6,10.866666666666667,64.0,70,179.0,903,2203,3106,15.650000000000002,2.0,43.61666666666667,2.6100000000000003,6.3
2023-06-12,91.0,3.0,8.95,23.25,4,0.0,0,0.0,0.0,0.0,0.0,0.0,0.0,0.0,0.0,0.0,0.0,0.0,0.0,0.0,0.0,0.0,0,123.0,238,2203,2441,15.233333333333333,0.0,0.0,0.0,0.0
2023-06-11,83.0,2.0,7.166666666666667,23.316666666666663,4,0.0,0,0.0,0.0,0.0,0.0,0.0,0.0,0.0,0.0,0.0,0.0,0.0,0.0,0.0,0.0,0.0,0,130.0,631,2203,2834,14.95,0.0,0.0,0.0,0.0
2023-06-08,70.0,1.0,8.266666666666667,0.1833333333333333,4,0.0,0,0.0,0.0,0.0,0.0,0.0,0.0,0.0,0.0,0.0,0.0,0.0,0.0,0.0,0.0,0.0,0,118.0,345,2203,2548,17.583333333333336,0.0,0.0,0.0,0.0
2023-06-07,82.0,2.0,7.966666666666667,23.65,0,7.28,551,38.46666666666667,158.0,196.0,3.5,162.0,240.0,5.283333333333333,3.583333333333333,31.0,32.0,17.0,44.0,38.28333333333333,38.46666666666667,67.0,86,190.0,767,2203,2970,14.95,1.0,38.46666666666667,7.28,3.5
2023-06-06,73.0,1.0,6.933333333333334,0.2333333333333333,1,22.06,658,53.4,142.0,170.0,3.1,0.0,0.0,2.419354838709677,1.2024048096192386,31.0,32.0,13.0,42.0,53.28333333333333,53.4,54.0,88,165.0,914,2203,3117,16.366666666666667,1.0,53.4,22.06,3.1
2023-06-05,77.0,1.0,7.3,0.2833333333333333,0,7.03,508,39.73333333333333,140.0,157.0,2.6,163.0,170.0,5.65,4.9,31.0,24.0,15.0,36.0,39.7,39.73333333333333,69.0,85,151.0,560,2203,2763,16.56666666666667,1.0,39.73333333333333,7.03,2.6
2023-06-04,75.0,1.0,5.883333333333333,0.2833333333333333,0,6.01,445,33.016666666666666,145.0,167.0,2.8,165.0,169.0,5.483333333333333,4.85,31.0,27.0,18.0,37.0,32.93333333333333,33.016666666666666,66.0,84,158.0,503,2203,2706,16.033333333333335,1.0,33.016666666666666,6.01,2.8
2023-06-03,75.0,1.0,8.216666666666667,1.05,4,0.0,0,0.0,0.0,0.0,0.0,0.0,0.0,0.0,0.0,0.0,0.0,0.0,0.0,0.0,0.0,0.0,0,83.0,2,2203,2205,18.85,0.0,0.0,0.0,0.0
2023-06-01,90.0,3.0,8.316666666666666,23.766666666666666,1,17.28,445,39.61666666666667,135.0,155.0,2.2,0.0,0.0,2.290076335877863,1.4563106796116505,31.0,29.0,21.0,36.0,39.516666666666666,39.61666666666667,63.0,88,148.0,541,2203,2744,14.4,1.0,39.61666666666667,17.28,2.2
2023-05-31,82.0,2.0,7.133333333333334,0.2,0,8.03,593,45.56666666666667,143.0,163.0,2.8,161.0,170.0,5.683333333333334,5.1,30.0,28.0,19.0,37.0,45.5,45.56666666666667,69.0,85,156.0,648,2203,2851,15.9,1.0,45.56666666666667,8.03,2.8
2023-05-30,90.0,3.0,9.45,23.666666666666668,0,6.27,466,32.38333333333333,156.0,183.0,3.2,165.0,175.0,5.166666666666667,4.083333333333333,29.0,31.0,17.0,42.0,32.266666666666666,32.38333333333333,66.0,85,178.0,969,2203,3172,16.05,2.0,65.06666666666666,20.55,5.4
2023-05-29,85.0,2.0,7.033333333333333,23.58333333333333,1,12.98,312,33.416666666666664,125.0,142.0,1.7,0.0,0.0,2.575107296137339,1.431980906921241,32.0,28.0,20.0,37.0,33.3,33.416666666666664,59.0,94,151.0,798,2203,3001,14.283333333333331,2.0,65.96666666666667,18.53,4.1
2023-05-28,64.0,1.0,8.383333333333333,0.5666666666666667,4,0.0,0,0.0,0.0,0.0,0.0,0.0,0.0,0.0,0.0,0.0,0.0,0.0,0.0,0.0,0.0,0.0,0,119.0,211,2203,2414,17.916666666666664,0.0,0.0,0.0,0.0
2023-05-26,88.0,2.0,7.15,22.85,4,0.0,0,0.0,0.0,0.0,0.0,0.0,0.0,0.0,0.0,0.0,0.0,0.0,0.0,0.0,0.0,0.0,0,94.0,79,2203,2282,13.533333333333337,0.0,0.0,0.0,0.0
2023-05-25,87.0,2.0,8.516666666666667,22.98333333333333,0,6.91,495,38.2,146.0,169.0,2.7,164.0,172.0,5.533333333333333,4.333333333333333,29.0,23.0,14.0,35.0,38.05,38.2,61.0,71,156.0,515,2203,2718,16.96666666666667,1.0,38.2,6.91,2.7
2023-05-24,68.0,1.0,6.883333333333333,23.216666666666665,0,2.07,159,10.483333333333333,164.0,176.0,2.3,165.0,169.0,5.066666666666666,3.9166666666666665,26.0,36.0,31.0,40.0,10.2,10.483333333333333,70.0,78,169.0,552,2203,2755,15.466666666666663,2.0,45.4,4.3100000000000005,5.5
2023-05-23,79.0,1.0,7.55,23.65,0,2.33,178,12.916666666666666,157.0,172.0,2.2,161.0,171.0,5.55,4.733333333333333,22.0,33.0,25.0,40.0,12.916666666666666,12.916666666666666,59.0,67,190.0,894,2203,3097,17.383333333333333,1.0,53.11666666666667,9.45,7.9
2023-05-22,85.0,2.0,7.616666666666667,0.3166666666666666,4,0.0,0,0.0,0.0,0.0,0.0,0.0,0.0,0.0,0.0,0.0,0.0,0.0,0.0,0.0,0.0,0.0,0,90.0,48,2203,2251,16.516666666666666,0.0,0.0,0.0,0.0
2023-05-21,80.0,2.0,7.616666666666667,23.933333333333334,4,0.0,0,0.0,0.0,0.0,0.0,0.0,0.0,0.0,0.0,0.0,0.0,0.0,0.0,0.0,0.0,0.0,0,99.0,36,2203,2239,16.0,0.0,0.0,0.0,0.0
2023-05-19,87.0,2.0,10.816666666666666,22.95,4,0.0,0,0.0,0.0,0.0,0.0,0.0,0.0,0.0,0.0,0.0,0.0,0.0,0.0,0.0,0.0,0.0,0,117.0,556,2203,2759,14.866666666666664,0.0,0.0,0.0,0.0
2023-05-17,73.0,1.0,8.7,23.28333333333333,0,2.29,184,13.216666666666669,157.0,171.0,2.3,159.0,172.0,5.766666666666667,4.5,22.0,31.0,23.0,37.0,12.95,13.216666666666669,59.0,67,195.0,849,2203,3052,13.35,1.0,53.18333333333334,9.21,7.9
2023-05-16,93.0,3.0,7.883333333333333,23.383333333333333,0,2.04,155,9.605,175.0,189.0,2.6,167.0,173.0,4.7,1.75,28.0,35.0,27.0,39.0,9.581666666666669,9.605,65.0,72,182.0,735,2203,2938,15.016666666666666,2.0,42.73833333333333,4.23,6.5
2023-05-15,97.0,3.0,8.9,22.53333333333333,4,0.0,0,0.0,0.0,0.0,0.0,0.0,0.0,0.0,0.0,0.0,0.0,0.0,0.0,0.0,0.0,0.0,0,125.0,187,2203,2390,15.250000000000002,0.0,0.0,0.0,0.0
2023-05-14,91.0,3.0,7.6,0.25,4,0.0,0,0.0,0.0,0.0,0.0,0.0,0.0,0.0,0.0,0.0,0.0,0.0,0.0,0.0,0.0,0.0,0,83.0,0,2203,2203,16.75,0.0,0.0,0.0,0.0
2023-05-12,92.0,3.0,9.033333333333331,23.616666666666667,4,0.0,0,0.0,0.0,0.0,0.0,0.0,0.0,0.0,0.0,0.0,0.0,0.0,0.0,0.0,0.0,0.0,0,94.0,186,2203,2389,15.766666666666667,0.0,0.0,0.0,0.0
2023-05-11,87.0,2.0,8.316666666666666,22.98333333333333,0,2.31,174,13.3,149.0,162.0,2.1,161.0,169.0,5.75,4.95,20.0,26.0,13.0,38.0,13.3,13.3,59.0,67,189.0,789,2203,2992,14.166666666666668,1.0,43.56666666666666,7.960000000000001,7.5
2023-05-10,86.0,2.0,7.833333333333333,23.55,0,2.3,173,11.15,171.0,187.0,2.6,165.0,171.0,4.85,2.4833333333333334,26.0,36.0,27.0,40.0,11.133333333333333,11.15,62.0,69,179.0,773,2203,2976,16.116666666666667,2.0,49.866666666666674,4.3,6.800000000000001
2023-05-09,91.0,3.0,7.8,23.98333333333333,0,1.22,144,10.216666666666669,159.0,182.0,2.2,106.0,242.0,8.35,4.15,23.0,0.0,0.0,0.0,6.8,10.216666666666669,73.0,81,175.0,881,2203,3084,16.55,1.0,10.216666666666669,1.22,2.2
2023-05-08,33.0,0.0,4.316666666666666,2.2,4,2.94,187,34.166666666666664,101.0,115.0,0.5,103.0,117.0,11.633333333333333,8.883333333333333,28.0,0.0,0.0,0.0,32.75,34.166666666666664,47.0,71,148.0,962,2203,3165,18.316666666666663,0.0,34.166666666666664,2.94,0.5
2023-05-07,90.0,3.0,8.766666666666667,0.2166666666666666,0,7.18,559,40.7,157.0,173.0,3.1,163.0,171.0,5.666666666666667,4.733333333333333,28.0,31.0,20.0,38.0,40.56666666666667,40.7,63.0,73,168.0,1026,2203,3229,17.68333333333333,1.0,40.7,7.18,3.1
2023-05-06,76.0,1.0,6.716666666666667,1.35,0,2.1,143,11.333333333333334,117.0,140.0,2.1,155.0,172.0,5.4,4.183333333333334,29.0,0.0,0.0,0.0,10.633333333333333,11.333333333333334,61.0,67,130.0,569,2203,2772,16.25,2.0,45.8,4.49,5.2
2023-05-05,81.0,2.0,7.283333333333333,1.2166666666666668,0,7.31,578,38.55,165.0,183.0,3.6,166.0,175.0,5.266666666666667,3.4,28.0,34.0,21.0,39.0,38.46666666666667,38.55,62.0,73,177.0,929,2203,3132,16.950000000000003,1.0,38.55,7.31,3.6
2023-05-04,85.0,2.0,8.983333333333333,0.2666666666666666,4,1.86,189,43.583333333333336,88.0,113.0,0.2,55.0,174.0,23.466666666666665,8.35,29.0,0.0,0.0,0.0,23.3,44.21666666666667,59.0,71,106.0,281,2203,2484,15.516666666666666,0.0,43.583333333333336,1.86,0.2
2023-05-03,92.0,3.0,8.366666666666667,0.65,0,6.17,497,34.86666666666667,151.0,185.0,3.4,161.0,189.0,5.65,4.316666666666666,27.0,33.0,15.0,42.0,34.21666666666667,34.86666666666667,-64.0,0,170.0,548,2203,2751,15.2,1.0,34.86666666666667,6.17,3.4
2023-05-02,89.0,2.0,9.7,0.2166666666666666,4,0.0,0,0.0,0.0,0.0,0.0,0.0,0.0,0.0,0.0,0.0,0.0,0.0,0.0,0.0,0.0,0.0,0,122.0,397,2203,2600,15.183333333333332,0.0,0.0,0.0,0.0
2023-05-01,67.0,1.0,9.583333333333334,0.2333333333333333,4,0.0,0,0.0,0.0,0.0,0.0,0.0,0.0,0.0,0.0,0.0,0.0,0.0,0.0,0.0,0.0,0.0,0,141.0,133,2203,2336,14.316666666666668,0.0,0.0,0.0,0.0
2023-04-27,80.0,2.0,7.416666666666667,22.08333333333333,4,0.0,0,0.0,0.0,0.0,0.0,0.0,0.0,0.0,0.0,0.0,0.0,0.0,0.0,0.0,0.0,0.0,0,123.0,339,2201,2540,12.266666666666666,0.0,0.0,0.0,0.0
2023-04-26,39.0,0.0,6.083333333333333,2.9,4,0.0,0,0.0,0.0,0.0,0.0,0.0,0.0,0.0,0.0,0.0,0.0,0.0,0.0,0.0,0.0,0.0,0,98.0,60,2203,2263,21.4,0.0,0.0,0.0,0.0
2023-04-25,78.0,1.0,8.55,0.9166666666666666,0,6.25,459,33.266666666666666,144.0,168.0,3.0,166.0,170.0,5.316666666666666,4.75,26.0,31.0,22.0,38.0,33.18333333333333,33.266666666666666,68.0,87,160.0,736,2203,2939,15.383333333333336,1.0,33.266666666666666,6.25,3.0
2023-04-24,88.0,2.0,9.066666666666666,23.65,0,7.36,537,39.15,150.0,193.0,3.4,164.0,178.0,5.316666666666666,3.783333333333333,26.0,31.0,19.0,42.0,39.083333333333336,39.15,24.0,43,188.0,653,2203,2856,14.133333333333333,1.0,39.15,7.36,3.4
2023-04-20,86.0,2.0,8.316666666666666,23.28333333333333,0,5.1,382,27.716666666666665,150.0,168.0,2.7,164.0,175.0,5.433333333333334,4.516666666666667,26.0,29.0,20.0,37.0,27.716666666666665,27.716666666666665,49.0,58,160.0,476,2203,2679,14.566666666666668,1.0,27.716666666666665,5.1,2.7
2023-04-19,87.0,2.0,8.983333333333333,22.883333333333333,4,0.0,0,0.0,0.0,0.0,0.0,0.0,0.0,0.0,0.0,0.0,0.0,0.0,0.0,0.0,0.0,0.0,0,100.0,42,2203,2245,15.283333333333331,0.0,0.0,0.0,0.0
2023-04-17,81.0,2.0,8.433333333333334,23.0,0,8.14,622,40.56666666666667,162.0,200.0,3.6,164.0,186.0,4.983333333333333,2.65,26.0,33.0,21.0,42.0,39.95,40.56666666666667,21.0,56,191.0,752,2203,2955,15.016666666666666,1.0,40.56666666666667,8.14,3.6
2023-04-16,84.0,2.0,9.216666666666669,22.666666666666668,4,0.0,0,0.0,0.0,0.0,0.0,0.0,0.0,0.0,0.0,0.0,0.0,0.0,0.0,0.0,0.0,0.0,0,124.0,526,2203,2729,14.916666666666668,0.0,0.0,0.0,0.0
2023-04-15,83.0,2.0,9.8,23.216666666666665,0,7.1,524,38.13333333333333,153.0,178.0,3.0,161.0,194.0,5.366666666666666,4.3,26.0,27.0,15.0,39.0,37.16666666666666,38.13333333333333,29.0,70,172.0,924,2203,3127,15.216666666666663,1.0,38.13333333333333,7.1,3.0
2023-04-14,81.0,2.0,8.816666666666666,0.2833333333333333,4,0.0,0,0.0,0.0,0.0,0.0,0.0,0.0,0.0,0.0,0.0,0.0,0.0,0.0,0.0,0.0,0.0,0,112.0,389,2203,2592,15.2,0.0,0.0,0.0,0.0
2023-04-13,92.0,3.0,8.05,23.816666666666663,4,0.0,0,0.0,0.0,0.0,0.0,0.0,0.0,0.0,0.0,0.0,0.0,0.0,0.0,0.0,0.0,0.0,0,158.0,1685,2203,3888,14.633333333333333,0.0,0.0,0.0,0.0
2023-04-12,29.0,0.0,3.733333333333333,3.0,4,0.0,0,0.0,0.0,0.0,0.0,0.0,0.0,0.0,0.0,0.0,0.0,0.0,0.0,0.0,0.0,0.0,0,124.0,692,2203,2895,19.0,0.0,0.0,0.0,0.0
2023-04-11,68.0,1.0,7.833333333333333,23.75,4,0.0,0,0.0,0.0,0.0,0.0,0.0,0.0,0.0,0.0,0.0,0.0,0.0,0.0,0.0,0.0,0.0,0,122.0,418,2203,2621,16.583333333333332,0.0,0.0,0.0,0.0
2023-04-10,78.0,1.0,8.866666666666667,22.45,4,0.0,0,0.0,0.0,0.0,0.0,0.0,0.0,0.0,0.0,0.0,0.0,0.0,0.0,0.0,0.0,0.0,0,115.0,259,2203,2462,14.483333333333333,0.0,0.0,0.0,0.0
2023-04-09,79.0,1.0,9.2,23.15,0,7.01,538,35.95,161.0,187.0,3.3,165.0,213.0,5.133333333333334,3.716666666666667,27.0,33.0,17.0,41.0,35.916666666666664,35.95,21.0,56,182.0,717,2203,2920,15.48333333333333,1.0,35.95,7.01,3.3
2023-04-08,90.0,3.0,10.25,22.95,4,0.0,0,0.0,0.0,0.0,0.0,0.0,0.0,0.0,0.0,0.0,0.0,0.0,0.0,0.0,0.0,0.0,0,109.0,146,2203,2349,14.3,0.0,0.0,0.0,0.0
2023-04-07,41.0,0.0,6.133333333333334,2.75,4,0.0,0,0.0,0.0,0.0,0.0,0.0,0.0,0.0,0.0,0.0,0.0,0.0,0.0,0.0,0.0,0.0,0,140.0,830,2203,3033,17.53333333333333,0.0,0.0,0.0,0.0
2023-04-06,32.0,0.0,4.683333333333334,2.9,4,0.0,0,0.0,0.0,0.0,0.0,0.0,0.0,0.0,0.0,0.0,0.0,0.0,0.0,0.0,0.0,0.0,0,115.0,322,2203,2525,17.716666666666665,0.0,0.0,0.0,0.0
2023-04-05,92.0,3.0,8.216666666666667,23.05,4,0.0,0,0.0,0.0,0.0,0.0,0.0,0.0,0.0,0.0,0.0,0.0,0.0,0.0,0.0,0.0,0.0,0,114.0,253,2203,2456,14.4,0.0,0.0,0.0,0.0
2023-04-04,84.0,2.0,7.8,23.366666666666667,0,6.32,445,32.75,149.0,165.0,2.7,165.0,173.0,5.183333333333334,3.783333333333333,27.0,27.0,19.0,35.0,32.416666666666664,32.75,49.0,58,155.0,822,2203,3025,15.616666666666667,1.0,32.75,6.32,2.7
2023-04-03,87.0,2.0,7.883333333333333,23.48333333333333,4,0.0,0,0.0,0.0,0.0,0.0,0.0,0.0,0.0,0.0,0.0,0.0,0.0,0.0,0.0,0.0,0.0,0,111.0,384,2203,2587,16.066666666666666,0.0,0.0,0.0,0.0
2023-03-31,79.0,1.0,9.05,0.2833333333333333,4,0.0,0,0.0,0.0,0.0,0.0,0.0,0.0,0.0,0.0,0.0,0.0,0.0,0.0,0.0,0.0,0.0,0,130.0,450,2203,2653,16.700000000000003,0.0,0.0,0.0,0.0
2023-03-30,87.0,2.0,8.233333333333333,23.816666666666663,4,0.0,0,0.0,0.0,0.0,0.0,0.0,0.0,0.0,0.0,0.0,0.0,0.0,0.0,0.0,0.0,0.0,0,98.0,129,2203,2332,14.3,0.0,0.0,0.0,0.0
2023-03-29,76.0,1.0,8.333333333333334,0.0833333333333333,4,1.7,118,16.55,109.0,129.0,0.4,115.0,244.0,9.75,6.25,23.0,0.0,0.0,0.0,16.033333333333335,16.55,8.0,28,176.0,1010,2203,3213,15.633333333333333,2.0,56.68333333333334,9.29,3.7
2023-03-28,97.0,3.0,8.3,0.4666666666666667,4,0.0,0,0.0,0.0,0.0,0.0,0.0,0.0,0.0,0.0,0.0,0.0,0.0,0.0,0.0,0.0,0.0,0,129.0,448,2111,2559,15.8,0.0,0.0,0.0,0.0
2023-03-27,94.0,3.0,8.983333333333333,23.666666666666668,4,0.0,0,0.0,0.0,0.0,0.0,0.0,0.0,0.0,0.0,0.0,0.0,0.0,0.0,0.0,0.0,0.0,0,115.0,134,2203,2337,14.9,0.0,0.0,0.0,0.0
2023-03-26,76.0,1.0,8.233333333333333,0.8833333333333333,4,0.0,0,0.0,0.0,0.0,0.0,0.0,0.0,0.0,0.0,0.0,0.0,0.0,0.0,0.0,0.0,0.0,0,140.0,1265,2203,3468,16.183333333333334,0.0,0.0,0.0,0.0
2023-03-24,84.0,2.0,7.466666666666667,0.1833333333333333,0,9.65,692,47.85,151.0,184.0,3.6,168.0,185.0,4.966666666666667,3.4833333333333334,27.0,30.0,14.0,42.0,47.8,47.85,-26.0,0,179.0,793,2203,2996,14.483333333333334,1.0,47.85,9.65,3.6
2023-03-23,89.0,2.0,7.85,23.75,0,8.01,553,44.06666666666667,131.0,145.0,2.6,165.0,168.0,5.5,5.1,25.0,29.0,15.0,39.0,44.03333333333333,44.06666666666667,49.0,54,139.0,567,2203,2770,15.9,1.0,44.06666666666667,8.01,2.6
2023-03-22,89.0,2.0,7.55,23.55,0,8.0,550,41.2,140.0,156.0,2.8,165.0,249.0,5.15,3.633333333333333,27.0,25.0,17.0,34.0,41.06666666666667,41.2,-19.0,0,149.0,588,2203,2791,15.583333333333334,1.0,41.2,8.0,2.8
2023-03-21,86.0,2.0,7.933333333333334,23.73333333333333,0,1.18,96,6.341666666666667,163.0,171.0,1.9,164.0,174.0,5.366666666666666,2.65,21.0,34.0,28.0,38.0,6.341666666666667,6.341666666666667,48.0,114,186.0,915,2203,3118,16.133333333333333,2.0,55.09166666666667,9.29,7.5
2023-03-20,99.0,3.0,8.766666666666667,23.23333333333333,0,8.08,555,41.36666666666667,140.0,154.0,2.9,165.0,169.0,5.116666666666666,4.883333333333333,25.0,24.0,15.0,34.0,41.333333333333336,41.36666666666667,-20.0,0,149.0,629,2203,2832,15.283333333333337,1.0,41.36666666666667,8.08,2.9
2023-03-19,88.0,2.0,7.65,23.35,0,8.04,570,40.63333333333333,147.0,162.0,3.1,167.0,234.0,5.05,1.75,28.0,29.0,19.0,37.0,40.516666666666666,40.63333333333333,-19.0,0,156.0,659,2203,2862,15.250000000000002,1.0,40.63333333333333,8.04,3.1
2023-03-17,80.0,2.0,7.716666666666667,0.7,4,0.0,0,0.0,0.0,0.0,0.0,0.0,0.0,0.0,0.0,0.0,0.0,0.0,0.0,0.0,0.0,0.0,0,119.0,515,2203,2718,17.566666666666666,0.0,0.0,0.0,0.0
2023-03-16,81.0,2.0,7.35,23.916666666666668,4,0.0,0,0.0,0.0,0.0,0.0,0.0,0.0,0.0,0.0,0.0,0.0,0.0,0.0,0.0,0.0,0.0,0,122.0,651,2203,2854,15.15,0.0,0.0,0.0,0.0
2023-03-15,83.0,2.0,7.3,23.98333333333333,4,0.0,0,0.0,0.0,0.0,0.0,0.0,0.0,0.0,0.0,0.0,0.0,0.0,0.0,0.0,0.0,0.0,0,117.0,578,2203,2781,16.450000000000003,0.0,0.0,0.0,0.0
2023-03-14,93.0,3.0,8.25,23.166666666666668,4,0.0,0,0.0,0.0,0.0,0.0,0.0,0.0,0.0,0.0,0.0,0.0,0.0,0.0,0.0,0.0,0.0,0,112.0,400,2203,2603,15.666666666666668,0.0,0.0,0.0,0.0
2023-03-13,71.0,1.0,5.966666666666667,0.45,4,0.0,0,0.0,0.0,0.0,0.0,0.0,0.0,0.0,0.0,0.0,0.0,0.0,0.0,0.0,0.0,0.0,0,118.0,396,2203,2599,16.95,0.0,0.0,0.0,0.0
2023-03-12,88.0,2.0,7.883333333333333,0.0833333333333333,4,0.0,0,0.0,0.0,0.0,0.0,0.0,0.0,0.0,0.0,0.0,0.0,0.0,0.0,0.0,0.0,0.0,0,110.0,198,2203,2401,17.549999999999997,0.0,0.0,0.0,0.0
2023-03-11,80.0,2.0,9.466666666666669,0.15,0,10.96,789,56.53333333333333,152.0,184.0,3.7,167.0,182.0,5.15,3.966666666666667,25.0,30.0,17.0,42.0,56.48333333333333,56.53333333333333,66.0,85,181.0,1035,2203,3238,16.15,1.0,56.53333333333333,10.96,3.7
2023-03-10,40.0,0.0,6.45,2.25,0,10.15,766,58.35,149.0,191.0,3.5,155.0,191.0,5.75,3.033333333333333,24.0,30.0,14.0,44.0,57.66666666666666,58.35,69.0,87,188.0,783,2203,2986,16.4,1.0,58.35,10.15,3.5
2023-03-09,89.0,2.0,9.416666666666666,23.55,0,7.78,556,40.38333333333333,144.0,159.0,3.0,166.0,177.0,5.183333333333334,4.916666666666667,25.0,28.0,18.0,35.0,40.35,40.38333333333333,74.0,88,152.0,622,2203,2825,14.616666666666667,1.0,40.38333333333333,7.78,3.0
2023-03-08,88.0,2.0,7.966666666666667,23.98333333333333,0,7.26,528,41.91666666666666,138.0,152.0,2.5,162.0,167.0,5.783333333333333,5.166666666666667,26.0,27.0,20.0,35.0,41.88333333333333,41.91666666666666,69.0,87,147.0,553,2203,2756,14.933333333333334,1.0,41.91666666666666,7.26,2.5
2023-03-07,86.0,2.0,8.566666666666666,23.366666666666667,0,8.59,671,51.23333333333333,150.0,196.0,3.3,155.0,199.0,5.966666666666667,2.6166666666666667,24.0,30.0,19.0,46.0,50.71666666666667,51.23333333333333,67.0,87,186.0,653,2203,2856,15.416666666666668,1.0,51.23333333333333,8.59,3.3
2023-03-06,88.0,2.0,9.65,22.9,0,8.18,588,45.4,141.0,155.0,2.8,165.0,174.0,5.55,4.9,25.0,26.0,15.0,34.0,45.36666666666667,45.4,70.0,85,149.0,661,2203,2864,14.95,1.0,45.4,8.18,2.8
2023-03-05,89.0,2.0,8.2,23.766666666666666,4,0.0,0,0.0,0.0,0.0,0.0,0.0,0.0,0.0,0.0,0.0,0.0,0.0,0.0,0.0,0.0,0.0,0,123.0,640,2203,2843,15.133333333333333,0.0,0.0,0.0,0.0
2023-03-04,36.0,0.0,5.266666666666667,4.3,0,10.18,745,51.71666666666667,155.0,182.0,3.7,168.0,181.0,5.083333333333333,3.966666666666667,25.0,31.0,19.0,42.0,51.65,51.71666666666667,67.0,86,178.0,1174,2203,3377,20.133333333333333,1.0,51.71666666666667,10.18,3.7
2023-03-03,78.0,1.0,6.45,0.3666666666666666,0,9.88,753,52.5,161.0,202.0,3.9,164.0,187.0,5.316666666666666,3.216666666666667,25.0,33.0,19.0,44.0,52.28333333333333,52.5,65.0,85,192.0,829,2203,3032,14.0,1.0,52.5,9.88,3.9
2023-03-02,76.0,1.0,8.666666666666666,22.55,0,7.33,531,40.333333333333336,141.0,158.0,2.8,165.0,172.0,5.5,4.833333333333333,25.0,28.0,17.0,34.0,40.28333333333333,40.333333333333336,66.0,85,154.0,667,2203,2870,15.683333333333334,1.0,40.333333333333336,7.33,2.8
2023-03-01,83.0,2.0,8.85,22.85,0,7.08,488,36.91666666666666,153.0,173.0,3.1,167.0,174.0,5.216666666666667,4.4,25.0,29.0,20.0,37.0,36.88333333333333,36.91666666666666,111.0,140,168.0,682,2203,2885,14.816666666666668,1.0,36.91666666666666,7.08,3.1
2023-02-28,84.0,2.0,7.6,23.716666666666665,0,6.34,459,31.7,150.0,166.0,3.1,169.0,189.0,5.0,3.1333333333333333,24.0,25.0,15.0,39.0,31.216666666666665,31.7,75.0,85,157.0,525,2203,2728,15.583333333333332,1.0,31.7,6.34,3.1
2023-02-27,90.0,3.0,9.45,22.816666666666663,4,0.0,0,0.0,0.0,0.0,0.0,0.0,0.0,0.0,0.0,0.0,0.0,0.0,0.0,0.0,0.0,0.0,0,119.0,168,2203,2371,15.15,0.0,0.0,0.0,0.0
2023-02-26,47.0,0.0,8.216666666666667,23.416666666666668,4,0.0,0,0.0,0.0,0.0,0.0,0.0,0.0,0.0,0.0,0.0,0.0,0.0,0.0,0.0,0.0,0.0,0,156.0,1802,2203,4005,15.15,0.0,0.0,0.0,0.0
2023-02-25,28.0,0.0,3.716666666666667,2.65,4,0.0,0,0.0,0.0,0.0,0.0,0.0,0.0,0.0,0.0,0.0,0.0,0.0,0.0,0.0,0.0,0.0,0,144.0,3205,2203,5408,18.566666666666663,0.0,0.0,0.0,0.0
2023-02-23,81.0,2.0,7.983333333333333,23.266666666666666,0,10.08,722,51.93333333333333,146.0,162.0,3.2,167.0,199.0,5.15,3.883333333333333,28.0,28.0,19.0,36.0,51.9,51.93333333333333,43.0,56,158.0,798,2203,3001,15.433333333333334,1.0,51.93333333333333,10.08,3.2
2023-02-22,89.0,2.0,9.066666666666666,22.58333333333333,0,9.26,671,47.31666666666667,152.0,185.0,3.6,167.0,254.0,5.1,4.016666666666667,29.0,31.0,18.0,42.0,47.28333333333333,47.31666666666667,46.0,55,180.0,852,2203,3055,15.099999999999998,1.0,47.31666666666667,9.26,3.6
2023-02-21,87.0,2.0,8.0,23.666666666666668,0,4.63,368,25.516666666666666,162.0,181.0,2.8,165.0,193.0,5.5,4.7,24.0,0.0,0.0,0.0,25.28333333333333,25.516666666666666,46.0,55,175.0,868,2203,3071,15.933333333333334,2.0,59.16666666666667,8.0,7.1
2023-02-20,94.0,3.0,8.316666666666666,22.65,0,8.06,604,42.91666666666666,149.0,163.0,3.2,167.0,174.0,5.333333333333333,4.6,28.0,0.0,0.0,0.0,42.0,42.91666666666666,77.0,83,154.0,667,2203,2870,14.95,1.0,42.91666666666666,8.06,3.2
2023-02-19,64.0,1.0,8.816666666666666,22.8,4,0.0,0,0.0,0.0,0.0,0.0,0.0,0.0,0.0,0.0,0.0,0.0,0.0,0.0,0.0,0.0,0.0,0,134.0,1291,2203,3494,15.7,0.0,0.0,0.0,0.0
2023-02-17,37.0,0.0,7.3,0.55,4,0.0,0,0.0,0.0,0.0,0.0,0.0,0.0,0.0,0.0,0.0,0.0,0.0,0.0,0.0,0.0,0.0,0,125.0,214,2203,2417,16.483333333333334,0.0,0.0,0.0,0.0
2023-02-16,78.0,1.0,8.066666666666666,23.3,4,0.0,0,0.0,0.0,0.0,0.0,0.0,0.0,0.0,0.0,0.0,0.0,0.0,0.0,0.0,0.0,0.0,0,166.0,3208,2203,5411,14.516666666666667,0.0,0.0,0.0,0.0
2023-02-14,75.0,1.0,6.916666666666667,0.4666666666666667,0,9.54,778,51.31666666666667,168.0,199.0,3.9,163.0,185.0,5.383333333333334,3.9166666666666665,25.0,0.0,0.0,0.0,49.11666666666667,51.31666666666667,64.0,84,193.0,1115,2203,3318,16.95,1.0,51.31666666666667,9.54,3.9
2023-02-13,71.0,1.0,8.15,23.266666666666666,4,0.0,0,0.0,0.0,0.0,0.0,0.0,0.0,0.0,0.0,0.0,0.0,0.0,0.0,0.0,0.0,0.0,0,122.0,302,2203,2505,15.516666666666666,0.0,0.0,0.0,0.0
2023-02-12,91.0,3.0,7.966666666666667,23.516666666666666,0,5.56,428,29.066666666666663,153.0,172.0,3.0,167.0,177.0,5.233333333333333,4.066666666666666,27.0,0.0,0.0,0.0,28.98333333333333,29.066666666666663,65.0,83,162.0,814,2203,3017,15.966666666666663,1.0,29.066666666666663,5.56,3.0
2023-02-11,54.0,0.0,7.416666666666667,23.683333333333334,4,0.0,0,0.0,0.0,0.0,0.0,0.0,0.0,0.0,0.0,0.0,0.0,0.0,0.0,0.0,0.0,0.0,0,119.0,392,2203,2595,16.183333333333334,0.0,0.0,0.0,0.0
2023-02-10,82.0,2.0,8.666666666666666,23.83333333333333,0,6.94,515,37.96666666666667,149.0,175.0,2.8,166.0,176.0,5.466666666666667,4.1,25.0,26.0,15.0,40.0,37.85,37.96666666666667,61.0,88,166.0,603,2203,2806,16.666666666666664,1.0,37.96666666666667,6.94,2.8
2023-02-09,75.0,1.0,8.55,22.616666666666667,0,11.74,896,60.15,162.0,197.0,4.0,168.0,190.0,5.116666666666666,3.3833333333333333,24.0,32.0,20.0,45.0,60.05,60.15,60.0,88,189.0,996,2199,3195,14.033333333333331,1.0,60.15,11.74,4.0
2023-02-08,80.0,2.0,8.083333333333334,22.73333333333333,0,7.16,535,38.16666666666666,154.0,176.0,3.1,168.0,178.0,5.333333333333333,4.166666666666667,26.0,27.0,15.0,40.0,38.11666666666667,38.16666666666666,62.0,90,170.0,687,2203,2890,15.333333333333334,1.0,38.16666666666666,7.16,3.1
2023-02-07,60.0,1.0,7.766666666666667,22.416666666666668,0,7.88,603,41.016666666666666,162.0,197.0,3.4,166.0,191.0,5.2,3.066666666666667,25.0,34.0,19.0,44.0,40.98333333333333,41.016666666666666,58.0,87,190.0,740,2203,2943,15.233333333333334,1.0,41.016666666666666,7.88,3.4
2023-02-06,87.0,2.0,8.933333333333334,22.15,0,7.48,563,40.516666666666666,153.0,170.0,3.0,167.0,174.0,5.416666666666667,4.9,25.0,30.0,19.0,37.0,40.48333333333333,40.516666666666666,69.0,87,164.0,711,2203,2914,15.099999999999998,1.0,40.516666666666666,7.48,3.0
2023-02-05,88.0,2.0,8.266666666666667,22.366666666666667,4,0.0,0,0.0,0.0,0.0,0.0,0.0,0.0,0.0,0.0,0.0,0.0,0.0,0.0,0.0,0.0,0.0,0,100.0,45,2203,2248,15.216666666666669,0.0,0.0,0.0,0.0
2023-02-04,92.0,3.0,9.233333333333333,23.5,0,7.01,505,38.516666666666666,145.0,161.0,2.6,168.0,172.0,5.483333333333333,4.933333333333334,26.0,24.0,16.0,34.0,38.48333333333333,38.516666666666666,69.0,85,155.0,569,2203,2772,16.78333333333333,1.0,38.516666666666666,7.01,2.6
2023-02-03,78.0,1.0,8.583333333333334,23.03333333333333,4,0.0,0,0.0,0.0,0.0,0.0,0.0,0.0,0.0,0.0,0.0,0.0,0.0,0.0,0.0,0.0,0.0,0,146.0,1638,2203,3841,14.283333333333337,0.0,0.0,0.0,0.0
2023-01-31,77.0,1.0,7.633333333333333,22.8,1,8.1,301,21.683333333333334,148.0,168.0,2.5,0.0,0.0,2.678571428571429,1.3986013986013983,19.0,34.0,21.0,41.0,21.316666666666663,21.683333333333334,59.0,86,187.0,1514,2203,3717,14.35,2.0,102.01666666666668,26.47,8.6
2023-01-30,87.0,2.0,8.033333333333333,22.9,0,8.23,599,43.833333333333336,149.0,173.0,3.0,169.0,180.0,5.316666666666666,4.383333333333334,26.0,26.0,18.0,37.0,43.8,43.833333333333336,62.0,88,165.0,647,2203,2850,16.366666666666667,1.0,43.833333333333336,8.23,3.0
2023-01-29,91.0,3.0,8.7,23.1,4,0.0,0,0.0,0.0,0.0,0.0,0.0,0.0,0.0,0.0,0.0,0.0,0.0,0.0,0.0,0.0,0.0,0,125.0,571,2203,2774,16.150000000000002,0.0,0.0,0.0,0.0
2023-01-28,41.0,0.0,5.733333333333333,1.4333333333333331,3,1.5,355,43.13333333333333,129.0,170.0,2.5,0.0,0.0,19.833333333333336,17.333333333333336,0.0,0.0,0.0,0.0,29.683333333333334,44.2,0.0,0,157.0,668,2203,2871,17.6,1.0,43.13333333333333,1.5,2.5
2023-01-27,73.0,1.0,6.066666666666666,0.05,0,7.13,520,38.61666666666667,147.0,176.0,2.9,168.0,175.0,5.416666666666667,4.166666666666667,25.0,23.0,13.0,39.0,38.56666666666667,38.61666666666667,60.0,87,169.0,562,2203,2765,15.933333333333334,1.0,38.61666666666667,7.13,2.9
2023-01-26,88.0,2.0,8.1,22.3,0,10.58,817,63.95,149.0,191.0,3.5,154.0,191.0,6.05,3.4333333333333336,22.0,30.0,19.0,43.0,63.3,63.95,69.0,85,187.0,850,2203,3053,15.933333333333334,1.0,63.95,10.58,3.5
2023-01-25,89.0,2.0,8.0,22.4,3,1.7,327,48.516666666666666,128.0,167.0,2.5,0.0,0.0,19.666666666666668,17.166666666666668,0.0,0.0,0.0,0.0,33.46666666666667,50.23333333333333,0.0,0,156.0,489,2203,2692,15.9,1.0,48.516666666666666,1.7,2.5
2023-01-24,86.0,2.0,7.15,23.316666666666663,0,7.68,563,48.0,136.0,153.0,2.4,164.0,168.0,6.25,5.516666666666667,24.0,28.0,22.0,36.0,47.95,48.0,58.0,86,148.0,613,2191,2804,16.833333333333332,1.0,48.0,7.68,2.4
2023-01-23,78.0,1.0,7.35,22.35,2,0.0,269,34.7,115.0,151.0,1.6,0.0,0.0,0.0,0.0,25.0,0.0,0.0,0.0,15.216666666666669,34.75,0.0,0,159.0,820,2191,3011,15.85,2.0,78.26666666666668,7.5,4.2
2023-01-22,82.0,2.0,8.35,23.316666666666663,0,11.46,828,60.13333333333333,153.0,182.0,3.7,170.0,185.0,5.25,4.1,23.0,30.0,17.0,42.0,59.93333333333333,60.13333333333333,67.0,87,176.0,861,2191,3052,17.35,1.0,60.13333333333333,11.46,3.7
2023-01-21,86.0,2.0,8.233333333333333,0.2833333333333333,4,0.0,53,5.471666666666667,121.0,155.0,0.5,0.0,0.0,0.0,2.5166666666666666,24.0,25.0,19.0,31.0,2.083333333333333,5.471666666666667,0.0,0,165.0,646,2215,2861,16.233333333333334,2.0,51.77166666666666,1.5,3.0
2023-01-20,72.0,1.0,6.733333333333333,23.933333333333334,0,11.45,886,65.25,154.0,194.0,3.9,160.0,190.0,5.7,3.4,23.0,31.0,17.0,47.0,64.46666666666667,65.25,64.0,85,190.0,1110,2215,3325,15.283333333333331,1.0,65.25,11.45,3.9
2023-01-19,78.0,1.0,8.716666666666667,22.633333333333333,0,7.93,582,45.85,137.0,156.0,2.6,166.0,171.0,5.783333333333333,5.25,24.0,27.0,15.0,35.0,45.81666666666667,45.85,68.0,87,149.0,631,2215,2846,15.283333333333331,1.0,45.85,7.93,2.6
2023-01-18,85.0,2.0,8.716666666666667,22.133333333333333,1,26.73,682,63.8,137.0,154.0,2.5,0.0,0.0,2.390438247011952,1.4251781472684084,22.0,29.0,22.0,38.0,63.63333333333333,63.8,55.0,89,166.0,1315,2213,3528,13.683333333333334,2.0,113.06666666666666,28.43,5.6
2023-01-17,95.0,3.0,8.683333333333334,22.183333333333334,0,11.29,910,67.43333333333334,152.0,192.0,3.8,159.0,197.0,5.966666666666667,2.95,23.0,30.0,12.0,46.0,66.91666666666667,67.43333333333334,69.0,88,186.0,914,2213,3127,15.3,1.0,67.43333333333334,11.29,3.8
2023-01-16,90.0,3.0,9.566666666666666,22.5,0,6.86,511,40.55,138.0,151.0,2.6,167.0,173.0,5.9,5.066666666666666,24.0,27.0,18.0,33.0,40.516666666666666,40.55,64.0,87,145.0,561,2215,2776,15.633333333333333,1.0,40.55,6.86,2.6
2023-01-15,69.0,1.0,7.566666666666666,23.83333333333333,4,0.0,0,0.0,0.0,0.0,0.0,0.0,0.0,0.0,0.0,0.0,0.0,0.0,0.0,0.0,0.0,0.0,0,151.0,1779,2215,3994,15.766666666666666,0.0,0.0,0.0,0.0
2023-01-13,75.0,1.0,7.233333333333333,23.28333333333333,0,12.32,949,71.85,153.0,197.0,4.0,159.0,195.0,5.833333333333333,3.183333333333333,24.0,31.0,14.0,45.0,70.76666666666667,71.85,63.0,84,193.0,1044,2215,3259,15.733333333333334,1.0,71.85,12.32,4.0
2023-01-12,90.0,3.0,8.283333333333333,22.183333333333334,0,4.29,332,24.1,149.0,169.0,2.5,165.0,184.0,5.616666666666667,4.8,26.0,27.0,17.0,37.0,24.05,24.1,60.0,86,162.0,910,2215,3125,15.183333333333334,2.0,74.78333333333333,5.79,5.1
2023-01-11,87.0,2.0,7.616666666666667,22.866666666666667,1,26.93,743,62.66666666666666,140.0,160.0,2.8,0.0,0.0,2.3255813953488373,1.2958963282937366,24.0,32.0,22.0,40.0,62.55,62.66666666666666,59.0,89,150.0,757,2213,2970,16.383333333333333,1.0,62.66666666666666,26.93,2.8
2023-01-09,92.0,3.0,8.7,22.766666666666666,2,0.0,173,28.383333333333333,99.0,132.0,0.5,0.0,0.0,0.0,0.0,26.0,0.0,0.0,0.0,12.016666666666667,28.383333333333333,0.0,0,145.0,773,2227,3000,16.266666666666666,2.0,68.7,7.08,3.2
2023-01-08,88.0,2.0,9.15,22.866666666666667,4,2.79,197,39.66666666666666,94.0,111.0,0.4,94.0,152.0,14.233333333333333,9.2,28.0,0.0,0.0,0.0,35.05,39.66666666666666,47.0,56,102.0,246,2227,2473,15.383333333333333,0.0,39.66666666666666,2.79,0.4
2023-01-07,52.0,0.0,9.333333333333334,21.516666666666666,4,0.0,0,0.0,0.0,0.0,0.0,0.0,0.0,0.0,0.0,0.0,0.0,0.0,0.0,0.0,0.0,0.0,0,121.0,885,2227,3112,13.499999999999998,0.0,0.0,0.0,0.0
2023-01-05,90.0,3.0,8.416666666666666,21.98333333333333,1,21.93,574,49.98333333333333,137.0,152.0,2.5,0.0,0.0,2.281368821292776,1.452784503631961,28.0,31.0,22.0,36.0,49.95,49.98333333333333,57.0,87,152.0,1180,2227,3407,13.266666666666667,2.0,94.55,29.83,5.5
2023-01-04,82.0,2.0,8.683333333333334,22.816666666666663,3,1.5,360,50.43333333333333,127.0,166.0,2.3,0.0,0.0,19.166666666666664,15.333333333333332,0.0,0.0,0.0,0.0,28.716666666666665,51.23333333333333,0.0,0,151.0,542,2227,2769,16.28333333333333,1.0,50.43333333333333,1.5,2.3
2023-01-03,85.0,2.0,9.616666666666667,22.65,0,8.47,680,53.833333333333336,145.0,197.0,3.5,156.0,201.0,6.35,2.8166666666666664,25.0,30.0,17.0,45.0,53.5,53.833333333333336,65.0,86,188.0,819,2227,3046,15.15,1.0,53.833333333333336,8.47,3.5
2023-01-02,62.0,1.0,9.766666666666667,21.83333333333333,0,7.48,548,40.41666666666666,140.0,158.0,3.0,169.0,174.0,5.4,4.85,29.0,28.0,19.0,36.0,40.36666666666667,40.41666666666666,68.0,85,153.0,587,2227,2814,13.516666666666666,1.0,40.41666666666666,7.48,3.0
2023-01-01,89.0,2.0,8.833333333333334,1.35,4,0.0,0,0.0,0.0,0.0,0.0,0.0,0.0,0.0,0.0,0.0,0.0,0.0,0.0,0.0,0.0,0.0,0,135.0,2108,2227,4335,16.700000000000003,0.0,0.0,0.0,0.0
2022-12-30,65.0,1.0,8.683333333333334,0.6666666666666666,4,0.0,0,0.0,0.0,0.0,0.0,0.0,0.0,0.0,0.0,0.0,0.0,0.0,0.0,0.0,0.0,0.0,0,101.0,101,2233,2334,14.466666666666669,0.0,0.0,0.0,0.0
2022-12-29,65.0,1.0,8.583333333333334,0.4833333333333333,4,0.0,0,0.0,0.0,0.0,0.0,0.0,0.0,0.0,0.0,0.0,0.0,0.0,0.0,0.0,0.0,0.0,0,100.0,95,2233,2328,13.466666666666669,0.0,0.0,0.0,0.0
2022-12-28,63.0,1.0,9.716666666666669,0.3,4,0.0,0,0.0,0.0,0.0,0.0,0.0,0.0,0.0,0.0,0.0,0.0,0.0,0.0,0.0,0.0,0.0,0,112.0,251,2233,2484,12.666666666666668,0.0,0.0,0.0,0.0
2022-12-27,32.0,0.0,5.4,3.6,4,0.0,0,0.0,0.0,0.0,0.0,0.0,0.0,0.0,0.0,0.0,0.0,0.0,0.0,0.0,0.0,0.0,0,114.0,589,2233,2822,17.383333333333333,0.0,0.0,0.0,0.0
2022-12-26,39.0,0.0,6.05,3.183333333333333,0,15.0,1185,83.38333333333334,148.0,177.0,4.0,168.0,241.0,5.55,3.7,28.0,29.0,15.0,39.0,83.33333333333333,83.38333333333334,-1.0,48,172.0,1364,2233,3597,16.78333333333333,1.0,83.38333333333334,15.0,4.0
2022-12-25,81.0,2.0,10.4,21.716666666666665,0,8.24,663,47.56666666666667,148.0,167.0,3.3,165.0,199.0,5.766666666666667,3.716666666666667,28.0,30.0,22.0,39.0,47.55,47.56666666666667,0.0,48,160.0,1077,2233,3310,10.833333333333332,1.0,47.56666666666667,8.24,3.3
2022-12-24,38.0,0.0,5.65,2.5,0,0.32,25,1.755,138.0,150.0,0.6,153.0,172.0,5.433333333333334,4.816666666666666,24.0,0.0,0.0,0.0,1.6833333333333331,1.755,44.0,47,141.0,561,2233,2794,18.1,1.0,11.581666666666669,2.05,2.3
2022-12-23,76.0,1.0,6.616666666666667,0.2166666666666666,4,2.84,217,36.65,100.0,122.0,0.7,96.0,250.0,12.916666666666666,7.083333333333333,23.0,0.0,0.0,0.0,30.966666666666665,36.65,7.0,48,118.0,599,2233,2832,15.383333333333333,0.0,36.65,2.84,0.7
2022-12-22,59.0,0.0,7.283333333333333,21.73333333333333,4,0.0,0,0.0,0.0,0.0,0.0,0.0,0.0,0.0,0.0,0.0,0.0,0.0,0.0,0.0,0.0,0.0,0,127.0,650,2233,2883,14.75,0.0,0.0,0.0,0.0
2022-12-21,71.0,1.0,6.433333333333334,23.3,0,1.28,97,7.623333333333333,144.0,154.0,1.5,165.0,172.0,5.933333333333334,5.233333333333333,27.0,0.0,0.0,0.0,7.623333333333333,7.623333333333333,37.0,47,150.0,355,2233,2588,17.933333333333334,1.0,7.623333333333333,1.28,1.5
2022-12-20,22.0,0.0,3.883333333333333,22.55,0,15.25,1279,85.23333333333333,149.0,174.0,4.7,166.0,201.0,5.583333333333333,4.016666666666667,26.0,0.0,0.0,0.0,85.18333333333334,85.23333333333333,2.0,51,168.0,1609,2233,3842,16.616666666666667,1.0,85.23333333333333,15.25,4.7
2022-12-19,90.0,3.0,10.133333333333333,22.216666666666665,0,10.44,849,57.81666666666667,158.0,179.0,3.9,166.0,187.0,5.533333333333333,3.6833333333333336,27.0,0.0,0.0,0.0,57.65,58.98333333333333,0.0,48,175.0,995,2233,3228,16.78333333333333,1.0,57.81666666666667,10.44,3.9
2022-12-18,67.0,1.0,8.8,23.15,4,0.0,0,0.0,0.0,0.0,0.0,0.0,0.0,0.0,0.0,0.0,0.0,0.0,0.0,0.0,0.0,0.0,0,130.0,1369,2233,3602,14.7,0.0,0.0,0.0,0.0
2022-12-16,82.0,2.0,10.1,21.65,0,11.23,843,63.38333333333333,147.0,187.0,3.8,161.0,192.0,5.65,3.1,24.0,30.0,18.0,45.0,62.8,63.38333333333333,69.0,86,184.0,845,2233,3078,13.599999999999998,1.0,63.38333333333333,11.23,3.8
2022-12-15,78.0,1.0,7.633333333333333,20.98333333333333,4,0.0,0,0.0,0.0,0.0,0.0,0.0,0.0,0.0,0.0,0.0,0.0,0.0,0.0,0.0,0.0,0.0,0,103.0,108,2233,2341,12.933333333333334,0.0,0.0,0.0,0.0
2022-12-14,96.0,3.0,8.466666666666667,20.416666666666668,0,6.39,471,37.75,133.0,154.0,2.7,162.0,201.0,5.916666666666667,4.05,25.0,28.0,14.0,39.0,37.71666666666667,37.75,57.0,85,148.0,510,2233,2743,15.333333333333336,1.0,37.75,6.39,2.7
2022-12-13,85.0,2.0,7.866666666666667,21.166666666666668,0,8.82,674,49.516666666666666,151.0,192.0,3.7,166.0,192.0,5.616666666666667,3.1666666666666665,25.0,30.0,21.0,42.0,49.48333333333333,49.516666666666666,67.0,86,183.0,836,2233,3069,16.083333333333336,1.0,49.516666666666666,8.82,3.7
2022-12-12,65.0,1.0,7.8,20.85,0,7.71,514,43.48333333333333,141.0,157.0,2.6,165.0,174.0,5.65,4.816666666666666,26.0,27.0,20.0,37.0,43.45,43.48333333333333,66.0,86,157.0,683,2233,2916,15.7,1.0,43.48333333333333,7.71,2.6
